{
  "pm_target": "pm_low",
  "n": 127,
  "B_prior": 0.91,
  "drivers_used": [
    "RELY",
    "CPLX",
    "DOCU",
    "TIME",
    "PVOL",
    "TOOL",
    "BC_EM_MC",
    "BC_EM_NODE"
  ],
  "drivers_dropped_collinear": [
    "BC_DC",
    "BC_EM_GAS",
    "BC_EM_AUD"
  ],
  "method": "Bayesian ridge-to-prior (Chulani-Boehm-Steece 1999); prior=published COCOMO II",
  "tau_sweep": {
    "tau_0": {
      "SA": 0.6099080640079497,
      "PRED25": 0.3700787401574803,
      "PRED30": 0.41732283464566927,
      "MMRE": 0.600608771220734,
      "MdMRE": 0.3679877792971713
    },
    "tau_0.5": {
      "SA": 0.6298603330087096,
      "PRED25": 0.3543307086614173,
      "PRED30": 0.4409448818897638,
      "MMRE": 0.5939237911707863,
      "MdMRE": 0.3928426079287199
    },
    "tau_1": {
      "SA": 0.6225630194572286,
      "PRED25": 0.3543307086614173,
      "PRED30": 0.41732283464566927,
      "MMRE": 0.6069801290164063,
      "MdMRE": 0.40344966015802747
    },
    "tau_2": {
      "SA": 0.6108128710068348,
      "PRED25": 0.3543307086614173,
      "PRED30": 0.3858267716535433,
      "MMRE": 0.6249338708026883,
      "MdMRE": 0.39174448317278143
    },
    "tau_5": {
      "SA": 0.5947567515122341,
      "PRED25": 0.3464566929133858,
      "PRED30": 0.3937007874015748,
      "MMRE": 0.6476728874219756,
      "MdMRE": 0.4084883200154752
    },
    "tau_10": {
      "SA": 0.5858502242218959,
      "PRED25": 0.33070866141732286,
      "PRED30": 0.3937007874015748,
      "MMRE": 0.6590875845443006,
      "MdMRE": 0.40049747244507544
    },
    "tau_25": {
      "SA": 0.5655923427193563,
      "PRED25": 0.33858267716535434,
      "PRED30": 0.4094488188976378,
      "MMRE": 0.6696331195134773,
      "MdMRE": 0.388512205283286
    },
    "tau_100": {
      "SA": 0.47064892785721946,
      "PRED25": 0.30708661417322836,
      "PRED30": 0.3700787401574803,
      "MMRE": 0.7016870171796907,
      "MdMRE": 0.4226891628995401
    },
    "tau_1e+06": {
      "SA": 0.02546278587805073,
      "PRED25": 0.2204724409448819,
      "PRED30": 0.30708661417322836,
      "MMRE": 0.9005251493288455,
      "MdMRE": 0.6086638302986844
    }
  },
  "chosen_tau": 0.5,
  "calibrated": {
    "metrics": {
      "SA": 0.6298603330087096,
      "PRED25": 0.3543307086614173,
      "PRED30": 0.4409448818897638,
      "MMRE": 0.5939237911707863,
      "MdMRE": 0.3928426079287199
    },
    "A": 0.3561,
    "coefficients": {
      "intercept_lnA": -1.0325,
      "lnS(exponent)": 0.5862,
      "sf_sensitivity": 0.8643,
      "RELY": 0.9343,
      "CPLX": -0.2707,
      "DOCU": 0.6376,
      "TIME": 0.7128,
      "PVOL": 0.6174,
      "TOOL": 0.0366,
      "BC_EM_MC": 0.2768,
      "BC_EM_NODE": 0.1229
    }
  },
  "free_ols": {
    "SA": 0.6099080640079497,
    "PRED25": 0.3700787401574803,
    "PRED30": 0.41732283464566927,
    "MMRE": 0.600608771220734,
    "MdMRE": 0.3679877792971713
  },
  "fixed_published": {
    "SA": 0.02546278587805073,
    "PRED25": 0.2204724409448819,
    "PRED30": 0.30708661417322836,
    "MMRE": 0.9005251493288455,
    "MdMRE": 0.6086638302986844
  },
  "note": "tau->0 free OLS (unstable); tau->inf fixed published COCOMO II. Bayesian optimum shrinks noisy driver weights toward Boehm's expert values, stabilising the model."
}