{
  "pm_target": "pm_mid",
  "n": 127,
  "B_prior": 0.91,
  "drivers_used": [
    "RELY",
    "CPLX",
    "DOCU",
    "TIME",
    "PVOL",
    "TOOL",
    "BC_EM_MC",
    "BC_EM_NODE"
  ],
  "drivers_dropped_collinear": [
    "BC_DC",
    "BC_EM_GAS",
    "BC_EM_AUD"
  ],
  "method": "Bayesian ridge-to-prior (Chulani-Boehm-Steece 1999); prior=published COCOMO II",
  "tau_sweep": {
    "tau_0": {
      "SA": 0.6459467014582424,
      "PRED25": 0.4015748031496063,
      "PRED30": 0.4645669291338583,
      "MMRE": 0.47090230241566405,
      "MdMRE": 0.31602685955204224
    },
    "tau_0.5": {
      "SA": 0.6570212958425321,
      "PRED25": 0.3937007874015748,
      "PRED30": 0.4881889763779528,
      "MMRE": 0.46273614315944467,
      "MdMRE": 0.3271912235324434
    },
    "tau_1": {
      "SA": 0.6480553724798804,
      "PRED25": 0.41732283464566927,
      "PRED30": 0.44881889763779526,
      "MMRE": 0.47188311997674504,
      "MdMRE": 0.338901441773814
    },
    "tau_2": {
      "SA": 0.6380078108494474,
      "PRED25": 0.41732283464566927,
      "PRED30": 0.4409448818897638,
      "MMRE": 0.4833084415906333,
      "MdMRE": 0.3362700775514641
    },
    "tau_5": {
      "SA": 0.6244664841274117,
      "PRED25": 0.4330708661417323,
      "PRED30": 0.4409448818897638,
      "MMRE": 0.4996077073735867,
      "MdMRE": 0.3640157910039192
    },
    "tau_10": {
      "SA": 0.6129349318705546,
      "PRED25": 0.4094488188976378,
      "PRED30": 0.4566929133858268,
      "MMRE": 0.5124095931963407,
      "MdMRE": 0.3575055577205422
    },
    "tau_25": {
      "SA": 0.5828407771129995,
      "PRED25": 0.36220472440944884,
      "PRED30": 0.4645669291338583,
      "MMRE": 0.5357169690386606,
      "MdMRE": 0.3745435414089177
    },
    "tau_100": {
      "SA": 0.4666090754960923,
      "PRED25": 0.2992125984251969,
      "PRED30": 0.36220472440944884,
      "MMRE": 0.601888381248849,
      "MdMRE": 0.4470086277801013
    },
    "tau_1e+06": {
      "SA": -0.029071155789760716,
      "PRED25": 0.25196850393700787,
      "PRED30": 0.29133858267716534,
      "MMRE": 0.8395230152073208,
      "MdMRE": 0.5696649625409196
    }
  },
  "chosen_tau": 0.5,
  "calibrated": {
    "metrics": {
      "SA": 0.6570212958425321,
      "PRED25": 0.3937007874015748,
      "PRED30": 0.4881889763779528,
      "MMRE": 0.46273614315944467,
      "MdMRE": 0.3271912235324434
    },
    "A": 0.6368,
    "coefficients": {
      "intercept_lnA": -0.4513,
      "lnS(exponent)": 0.4326,
      "sf_sensitivity": 0.9255,
      "RELY": 0.9357,
      "CPLX": -0.2549,
      "DOCU": 0.5623,
      "TIME": 0.844,
      "PVOL": 0.565,
      "TOOL": 0.1638,
      "BC_EM_MC": 0.4896,
      "BC_EM_NODE": 0.806,
      "onchain": -0.1715,
      "ln_authors": 0.4084,
      "ln_funcsize": 0.0317
    }
  },
  "free_ols": {
    "SA": 0.6459467014582424,
    "PRED25": 0.4015748031496063,
    "PRED30": 0.4645669291338583,
    "MMRE": 0.47090230241566405,
    "MdMRE": 0.31602685955204224
  },
  "fixed_published": {
    "SA": -0.029071155789760716,
    "PRED25": 0.25196850393700787,
    "PRED30": 0.29133858267716534,
    "MMRE": 0.8395230152073208,
    "MdMRE": 0.5696649625409196
  },
  "note": "tau->0 free OLS (unstable); tau->inf fixed published COCOMO II. Bayesian optimum shrinks noisy driver weights toward Boehm's expert values, stabilising the model."
}