{
  "pm_target": "pm_high",
  "n": 127,
  "B_prior": 0.91,
  "drivers_used": [
    "RELY",
    "CPLX",
    "DOCU",
    "TIME",
    "PVOL",
    "TOOL",
    "BC_EM_MC",
    "BC_EM_NODE"
  ],
  "drivers_dropped_collinear": [
    "BC_DC",
    "BC_EM_GAS",
    "BC_EM_AUD"
  ],
  "method": "Bayesian ridge-to-prior (Chulani-Boehm-Steece 1999); prior=published COCOMO II",
  "tau_sweep": {
    "tau_0": {
      "SA": 0.6390275903211011,
      "PRED25": 0.3858267716535433,
      "PRED30": 0.5275590551181102,
      "MMRE": 0.35778604324558744,
      "MdMRE": 0.29020863457622
    },
    "tau_0.5": {
      "SA": 0.6480354369673644,
      "PRED25": 0.4881889763779528,
      "PRED30": 0.5354330708661418,
      "MMRE": 0.3537665923113844,
      "MdMRE": 0.2751154472715628
    },
    "tau_1": {
      "SA": 0.6436485774209137,
      "PRED25": 0.47244094488188976,
      "PRED30": 0.5433070866141733,
      "MMRE": 0.36127878109460176,
      "MdMRE": 0.27428709272935065
    },
    "tau_2": {
      "SA": 0.6376164108360005,
      "PRED25": 0.47244094488188976,
      "PRED30": 0.5354330708661418,
      "MMRE": 0.37276810533587845,
      "MdMRE": 0.2662045248677313
    },
    "tau_5": {
      "SA": 0.6287986701915171,
      "PRED25": 0.4566929133858268,
      "PRED30": 0.5511811023622047,
      "MMRE": 0.3916467249877757,
      "MdMRE": 0.26365847604719567
    },
    "tau_10": {
      "SA": 0.6133006738673634,
      "PRED25": 0.44881889763779526,
      "PRED30": 0.5196850393700787,
      "MMRE": 0.415143564113383,
      "MdMRE": 0.28934500721164214
    },
    "tau_25": {
      "SA": 0.5608474458670192,
      "PRED25": 0.4094488188976378,
      "PRED30": 0.44881889763779526,
      "MMRE": 0.4758230903378074,
      "MdMRE": 0.3256636995765035
    },
    "tau_100": {
      "SA": 0.3172038969189809,
      "PRED25": 0.2440944881889764,
      "PRED30": 0.33070866141732286,
      "MMRE": 0.6650302105333715,
      "MdMRE": 0.4608802465032708
    },
    "tau_1e+06": {
      "SA": -0.8800492832427145,
      "PRED25": 0.16535433070866143,
      "PRED30": 0.2125984251968504,
      "MMRE": 1.3123363644442976,
      "MdMRE": 0.7013275641812283
    }
  },
  "chosen_tau": 0.5,
  "calibrated": {
    "metrics": {
      "SA": 0.6480354369673644,
      "PRED25": 0.4881889763779528,
      "PRED30": 0.5354330708661418,
      "MMRE": 0.3537665923113844,
      "MdMRE": 0.2751154472715628
    },
    "A": 2.8197,
    "coefficients": {
      "intercept_lnA": 1.0366,
      "lnS(exponent)": 0.169,
      "sf_sensitivity": 0.8312,
      "RELY": 0.904,
      "CPLX": 0.1231,
      "DOCU": 0.1701,
      "TIME": 0.8314,
      "PVOL": 0.5398,
      "TOOL": 0.1706,
      "BC_EM_MC": 0.3236,
      "BC_EM_NODE": 0.7384,
      "onchain": -0.1916,
      "ln_authors": 0.7334,
      "ln_funcsize": -0.0085
    }
  },
  "free_ols": {
    "SA": 0.6390275903211011,
    "PRED25": 0.3858267716535433,
    "PRED30": 0.5275590551181102,
    "MMRE": 0.35778604324558744,
    "MdMRE": 0.29020863457622
  },
  "fixed_published": {
    "SA": -0.8800492832427145,
    "PRED25": 0.16535433070866143,
    "PRED30": 0.2125984251968504,
    "MMRE": 1.3123363644442976,
    "MdMRE": 0.7013275641812283
  },
  "note": "tau->0 free OLS (unstable); tau->inf fixed published COCOMO II. Bayesian optimum shrinks noisy driver weights toward Boehm's expert values, stabilising the model."
}