{
  "prospective_only": {
    "selected": [
      "ln_ksloc",
      "lang_typescript",
      "dep_contract",
      "lang_javascript",
      "ln_ksloc_all"
    ],
    "trail": [
      [
        "<<baseline:mean>>",
        0.221
      ],
      [
        "ln_ksloc",
        0.439
      ],
      [
        "lang_typescript",
        0.462
      ],
      [
        "dep_contract",
        0.479
      ],
      [
        "lang_javascript",
        0.491
      ],
      [
        "ln_ksloc_all",
        0.498
      ]
    ],
    "metrics": {
      "SA": 0.4984888962067098,
      "PRED25": 0.23809523809523808,
      "PRED30": 0.30158730158730157,
      "MMRE": 1.2299267487226515,
      "MdMRE": 0.5195948143618717,
      "R2_insample": 0.4976004666170466
    },
    "coeffs": {
      "intercept": -1.2518788654713322,
      "ln_ksloc": 0.3086405741602777,
      "lang_typescript": 0.8514740238352546,
      "dep_contract": 0.27513530338223324,
      "lang_javascript": 2.280209319199314,
      "ln_ksloc_all": 0.1646071687336893
    }
  },
  "with_team_size": {
    "selected": [
      "ln_ksloc",
      "lang_typescript",
      "dep_contract",
      "lang_javascript",
      "ln_ksloc_all"
    ],
    "trail": [
      [
        "<<baseline:mean>>",
        0.221
      ],
      [
        "ln_ksloc",
        0.439
      ],
      [
        "lang_typescript",
        0.462
      ],
      [
        "dep_contract",
        0.479
      ],
      [
        "lang_javascript",
        0.491
      ],
      [
        "ln_ksloc_all",
        0.498
      ]
    ],
    "metrics": {
      "SA": 0.4984888962067098,
      "PRED25": 0.23809523809523808,
      "PRED30": 0.30158730158730157,
      "MMRE": 1.2299267487226515,
      "MdMRE": 0.5195948143618717,
      "R2_insample": 0.4976004666170466
    },
    "coeffs": {
      "intercept": -1.2518788654713322,
      "ln_ksloc": 0.3086405741602777,
      "lang_typescript": 0.8514740238352546,
      "dep_contract": 0.27513530338223324,
      "lang_javascript": 2.280209319199314,
      "ln_ksloc_all": 0.1646071687336893
    }
  },
  "full_prospective": {
    "selected": [
      "ln_ksloc",
      "ln_ksloc_all",
      "onchain_runtime",
      "has_contracts",
      "has_audit",
      "has_ci",
      "has_tests",
      "has_docs",
      "has_docker",
      "has_lintfmt",
      "dep_consensus",
      "dep_crosschain",
      "dep_zkcrypto",
      "dep_contract",
      "dep_frontend",
      "lang_java",
      "lang_go",
      "lang_rust",
      "lang_typescript",
      "lang_c++",
      "lang_javascript",
      "ln_n_pallets",
      "ln_n_extrinsics",
      "ln_n_storage",
      "ln_n_events",
      "ln_n_ink_msgs",
      "ln_n_sol_funcs",
      "ln_n_contracts_def",
      "ln_n_rpc",
      "ln_feature_units"
    ],
    "metrics": {
      "SA": -1.0568142295712688,
      "PRED25": 0.19047619047619047,
      "PRED30": 0.2698412698412698,
      "MMRE": 2.4274087308292787,
      "MdMRE": 0.7237329626537814,
      "R2_insample": 0.7072711267067676
    }
  },
  "univariate_LOOCV_SA": {
    "ln_ksloc": 0.439,
    "ln_ksloc_all": 0.354,
    "ln_authors": 0.266,
    "lang_typescript": 0.26,
    "ln_n_ink_msgs": 0.246,
    "has_audit": 0.245,
    "has_ci": 0.239,
    "has_lintfmt": 0.238,
    "lang_javascript": 0.237,
    "dep_frontend": 0.234,
    "ln_n_sol_funcs": 0.227,
    "ln_n_contracts_def": 0.226,
    "has_tests": 0.223,
    "has_contracts": 0.22,
    "lang_go": 0.22,
    "has_docs": 0.219,
    "lang_java": 0.218,
    "lang_c++": 0.218,
    "onchain_runtime": 0.217,
    "lang_rust": 0.215,
    "dep_contract": 0.213,
    "ln_n_storage": 0.21,
    "has_docker": 0.209,
    "ln_n_extrinsics": 0.209,
    "ln_feature_units": 0.209,
    "dep_consensus": 0.208,
    "ln_n_pallets": 0.208,
    "dep_zkcrypto": 0.207,
    "ln_n_events": 0.205,
    "ln_n_rpc": 0.204,
    "dep_crosschain": 0.201
  },
  "n": 63,
  "pm_target": "pm_low"
}