{
  "prospective_only": {
    "selected": [
      "ln_ksloc",
      "ln_n_ink_msgs",
      "lang_javascript",
      "ln_feature_units"
    ],
    "trail": [
      [
        "<<baseline:mean>>",
        0.252
      ],
      [
        "ln_ksloc",
        0.376
      ],
      [
        "ln_n_ink_msgs",
        0.409
      ],
      [
        "lang_javascript",
        0.426
      ],
      [
        "ln_feature_units",
        0.438
      ]
    ],
    "metrics": {
      "SA": 0.4381543808375229,
      "PRED25": 0.30158730158730157,
      "PRED30": 0.38095238095238093,
      "MMRE": 0.5871723589267441,
      "MdMRE": 0.38747932262519486,
      "R2_insample": 0.45160552401552234
    },
    "coeffs": {
      "intercept": 1.8259294770744456,
      "ln_ksloc": 0.3123106869986817,
      "ln_n_ink_msgs": 0.20494936509707462,
      "lang_javascript": 1.6391822541611865,
      "ln_feature_units": -0.10412308332632998
    }
  },
  "with_team_size": {
    "selected": [
      "ln_authors",
      "ln_ksloc",
      "ln_n_extrinsics",
      "lang_java",
      "lang_javascript"
    ],
    "trail": [
      [
        "<<baseline:mean>>",
        0.252
      ],
      [
        "ln_authors",
        0.385
      ],
      [
        "ln_ksloc",
        0.519
      ],
      [
        "ln_n_extrinsics",
        0.536
      ],
      [
        "lang_java",
        0.542
      ],
      [
        "lang_javascript",
        0.548
      ]
    ],
    "metrics": {
      "SA": 0.547694771001848,
      "PRED25": 0.38095238095238093,
      "PRED30": 0.49206349206349204,
      "MMRE": 0.4684160013045877,
      "MdMRE": 0.31038574375985645,
      "R2_insample": 0.6290936902609556
    },
    "coeffs": {
      "intercept": 0.9504068636043472,
      "ln_authors": 0.829141824760598,
      "ln_ksloc": 0.2326793473334142,
      "ln_n_extrinsics": -0.2669476663740548,
      "lang_java": -0.5766950088265079,
      "lang_javascript": 1.2032605659181963
    }
  },
  "full_prospective": {
    "selected": [
      "ln_ksloc",
      "ln_ksloc_all",
      "onchain_runtime",
      "has_contracts",
      "has_audit",
      "has_ci",
      "has_tests",
      "has_docs",
      "has_docker",
      "has_lintfmt",
      "dep_consensus",
      "dep_crosschain",
      "dep_zkcrypto",
      "dep_contract",
      "dep_frontend",
      "lang_typescript",
      "lang_javascript",
      "lang_java",
      "lang_c++",
      "lang_rust",
      "lang_go",
      "ln_n_pallets",
      "ln_n_extrinsics",
      "ln_n_storage",
      "ln_n_events",
      "ln_n_ink_msgs",
      "ln_n_sol_funcs",
      "ln_n_contracts_def",
      "ln_n_rpc",
      "ln_feature_units"
    ],
    "metrics": {
      "SA": -0.2888962870193057,
      "PRED25": 0.20634920634920634,
      "PRED30": 0.23809523809523808,
      "MMRE": 1.3109553482104412,
      "MdMRE": 0.5689000505844917,
      "R2_insample": 0.6697618043252671
    }
  },
  "univariate_LOOCV_SA": {
    "ln_authors": 0.385,
    "ln_ksloc": 0.376,
    "ln_ksloc_all": 0.322,
    "has_audit": 0.271,
    "lang_javascript": 0.268,
    "has_docs": 0.262,
    "has_ci": 0.26,
    "dep_crosschain": 0.259,
    "dep_frontend": 0.257,
    "lang_java": 0.255,
    "ln_n_ink_msgs": 0.255,
    "dep_contract": 0.253,
    "ln_n_extrinsics": 0.253,
    "ln_n_sol_funcs": 0.253,
    "dep_zkcrypto": 0.25,
    "has_docker": 0.249,
    "lang_go": 0.249,
    "ln_n_contracts_def": 0.249,
    "lang_typescript": 0.248,
    "lang_c++": 0.248,
    "has_lintfmt": 0.247,
    "ln_n_rpc": 0.247,
    "has_contracts": 0.244,
    "has_tests": 0.243,
    "lang_rust": 0.241,
    "dep_consensus": 0.238,
    "ln_n_pallets": 0.238,
    "ln_n_storage": 0.238,
    "ln_feature_units": 0.238,
    "onchain_runtime": 0.236,
    "ln_n_events": 0.234
  },
  "n": 63,
  "pm_target": "pm_high"
}