{
  "pm_target": "pm_low",
  "n": 179,
  "A": 0.1083,
  "B": 0.91,
  "sigma_logspace": 1.4722,
  "nominal_constant_variables": [
    "DATA",
    "RUSE",
    "STOR",
    "ACAP",
    "PCAP",
    "PCON",
    "APEX",
    "PLEX",
    "LTEX",
    "SITE",
    "SCED",
    "BC_BEM",
    "BC_EM_REG"
  ],
  "in_sample": {
    "MMRE": 11.564814988062444,
    "MdMRE": 1.7466907857936695,
    "PRED25": 0.11173184357541899,
    "PRED30": 0.13966480446927373,
    "MAE": 11.20382454740439,
    "SA": -6.270160088143775
  },
  "loocv": {
    "MMRE": 11.355862947251293,
    "MdMRE": 1.7622845588171914,
    "PRED25": 0.11173184357541899,
    "PRED30": 0.13966480446927373,
    "MAE": 11.029213440971882,
    "SA": -6.1568549670611405
  },
  "redundancy": {
    "high_corr_pairs": [
      [
        "RELY",
        "BC_EM_AUD",
        1.0
      ],
      [
        "TIME",
        "BC_EM_GAS",
        1.0
      ],
      [
        "PVOL",
        "BC_DC",
        1.0
      ]
    ],
    "VIF": {
      "RELY": 1000000000.0,
      "TIME": 1000000000.0,
      "PVOL": 1000000000.0,
      "BC_DC": 1000000000.0,
      "BC_EM_GAS": 1000000000.0,
      "BC_EM_AUD": 1000000000.0,
      "CPLX": 1.81,
      "BC_EM_NODE": 1.69,
      "TOOL": 1.17,
      "DOCU": 1.08,
      "BC_EM_MC": 1.05
    }
  },
  "necessity_ablation_dSA": {
    "TOOL": 0.5894,
    "BC_EM_GAS": -0.1699,
    "BC_EM_NODE": -0.3054,
    "DOCU": -0.3317,
    "TIME": -0.3502,
    "RELY": -0.3703,
    "BC_DC": -0.4665,
    "BC_EM_MC": -0.4746,
    "PVOL": -0.6662,
    "BC_EM_AUD": -0.6775,
    "CPLX": -1.2751
  },
  "residual": {
    "corr_resid_vs_fitted": -0.7889264872974907,
    "resid_std": 1.4721577624689153
  },
  "note": "Verdicts: VIF>>5 or |corr|->1 => redundant; dSA<=0 => inert (keep Nominal); residual structure => insufficient. Magnitudes from verified COCOMO II.2000 tables."
}