{
  "pm_target": "pm_low",
  "n": 139,
  "A": 0.1146,
  "B": 0.91,
  "sigma_logspace": 1.5246,
  "nominal_constant_variables": [
    "DATA",
    "RUSE",
    "STOR",
    "ACAP",
    "PCAP",
    "PCON",
    "APEX",
    "PLEX",
    "LTEX",
    "SITE",
    "SCED",
    "BC_BEM",
    "BC_EM_REG"
  ],
  "in_sample": {
    "MMRE": 14.633361176628068,
    "MdMRE": 2.080279166750606,
    "PRED25": 0.12949640287769784,
    "PRED30": 0.1366906474820144,
    "MAE": 11.959978940828634,
    "SA": -6.568374848908445
  },
  "loocv": {
    "MMRE": 14.22840805422819,
    "MdMRE": 2.1054774978237516,
    "PRED25": 0.1223021582733813,
    "PRED30": 0.1366906474820144,
    "MAE": 11.654747133600635,
    "SA": -6.375221604714588
  },
  "redundancy": {
    "high_corr_pairs": [
      [
        "RELY",
        "BC_EM_AUD",
        1.0
      ],
      [
        "TIME",
        "BC_EM_GAS",
        1.0
      ],
      [
        "PVOL",
        "BC_DC",
        1.0
      ],
      [
        "PVOL",
        "BC_EM_NODE",
        0.604
      ],
      [
        "BC_DC",
        "BC_EM_NODE",
        0.604
      ]
    ],
    "VIF": {
      "RELY": 1000000000.0,
      "TIME": 1000000000.0,
      "PVOL": 1000000000.0,
      "BC_DC": 1000000000.0,
      "BC_EM_GAS": 1000000000.0,
      "BC_EM_AUD": 1000000000.0,
      "BC_EM_NODE": 1.7,
      "CPLX": 1.62,
      "TOOL": 1.2,
      "DOCU": 1.06,
      "BC_EM_MC": 1.06
    }
  },
  "necessity_ablation_dSA": {
    "TOOL": 0.7988,
    "BC_EM_GAS": -0.2379,
    "DOCU": -0.305,
    "RELY": -0.3255,
    "BC_EM_NODE": -0.4094,
    "BC_DC": -0.4855,
    "TIME": -0.4924,
    "BC_EM_AUD": -0.5962,
    "BC_EM_MC": -0.646,
    "PVOL": -0.6934,
    "CPLX": -1.2507
  },
  "residual": {
    "corr_resid_vs_fitted": -0.7803435076087264,
    "resid_std": 1.524646881825207
  },
  "note": "Verdicts: VIF>>5 or |corr|->1 => redundant; dSA<=0 => inert (keep Nominal); residual structure => insufficient. Magnitudes from verified COCOMO II.2000 tables."
}