{
  "pm_target": "pm_high",
  "n": 179,
  "A": 1.3318,
  "B": 0.91,
  "sigma_logspace": 1.5192,
  "nominal_constant_variables": [
    "DATA",
    "RUSE",
    "STOR",
    "ACAP",
    "PCAP",
    "PCON",
    "APEX",
    "PLEX",
    "LTEX",
    "SITE",
    "SCED",
    "BC_BEM",
    "BC_EM_REG"
  ],
  "in_sample": {
    "MMRE": 15.173438237248906,
    "MdMRE": 2.1837630176169123,
    "PRED25": 0.12849162011173185,
    "PRED30": 0.15083798882681565,
    "MAE": 151.7658716963039,
    "SA": -10.982953088242779
  },
  "loocv": {
    "MMRE": 14.74055557271493,
    "MdMRE": 2.2045438784375415,
    "PRED25": 0.12849162011173185,
    "PRED30": 0.13966480446927373,
    "MAE": 148.76959308490723,
    "SA": -10.746376408397927
  },
  "redundancy": {
    "high_corr_pairs": [
      [
        "RELY",
        "BC_EM_AUD",
        1.0
      ],
      [
        "TIME",
        "BC_EM_GAS",
        1.0
      ],
      [
        "PVOL",
        "BC_DC",
        1.0
      ]
    ],
    "VIF": {
      "RELY": 1000000000.0,
      "TIME": 1000000000.0,
      "PVOL": 1000000000.0,
      "BC_DC": 1000000000.0,
      "BC_EM_GAS": 1000000000.0,
      "BC_EM_AUD": 1000000000.0,
      "CPLX": 1.81,
      "BC_EM_NODE": 1.69,
      "TOOL": 1.17,
      "DOCU": 1.08,
      "BC_EM_MC": 1.05
    }
  },
  "necessity_ablation_dSA": {
    "TOOL": 1.0576,
    "BC_EM_GAS": -0.2865,
    "BC_EM_NODE": -0.4545,
    "DOCU": -0.5142,
    "TIME": -0.591,
    "RELY": -0.6031,
    "BC_DC": -0.7616,
    "BC_EM_MC": -0.7826,
    "PVOL": -1.088,
    "BC_EM_AUD": -1.1036,
    "CPLX": -2.0078
  },
  "residual": {
    "corr_resid_vs_fitted": -0.8864137174081199,
    "resid_std": 1.5191703720229415
  },
  "note": "Verdicts: VIF>>5 or |corr|->1 => redundant; dSA<=0 => inert (keep Nominal); residual structure => insufficient. Magnitudes from verified COCOMO II.2000 tables."
}