{
  "pm_target": "pm_low",
  "n": 127,
  "B_prior": 0.91,
  "drivers_used": [
    "RELY",
    "CPLX",
    "DOCU",
    "TIME",
    "PVOL",
    "TOOL",
    "BC_EM_MC",
    "BC_EM_NODE"
  ],
  "drivers_dropped_collinear": [
    "BC_DC",
    "BC_EM_GAS",
    "BC_EM_AUD"
  ],
  "method": "Bayesian ridge-to-prior (Chulani-Boehm-Steece 1999); prior=published COCOMO II",
  "tau_sweep": {
    "tau_0": {
      "SA": 0.646207988886608,
      "PRED25": 0.36220472440944884,
      "PRED30": 0.4094488188976378,
      "MMRE": 0.567087388619112,
      "MdMRE": 0.3518077574192079
    },
    "tau_0.5": {
      "SA": 0.6598749716499036,
      "PRED25": 0.3858267716535433,
      "PRED30": 0.47244094488188976,
      "MMRE": 0.5483795505986172,
      "MdMRE": 0.32067422820400093
    },
    "tau_1": {
      "SA": 0.6498814415725367,
      "PRED25": 0.4015748031496063,
      "PRED30": 0.4566929133858268,
      "MMRE": 0.5584935832734367,
      "MdMRE": 0.3192478398563152
    },
    "tau_2": {
      "SA": 0.6334484402525691,
      "PRED25": 0.3858267716535433,
      "PRED30": 0.4881889763779528,
      "MMRE": 0.575219595960024,
      "MdMRE": 0.30706110165895245
    },
    "tau_5": {
      "SA": 0.6147862394824279,
      "PRED25": 0.3858267716535433,
      "PRED30": 0.5039370078740157,
      "MMRE": 0.5956227584894032,
      "MdMRE": 0.2964097711233487
    },
    "tau_10": {
      "SA": 0.6026027147264688,
      "PRED25": 0.3937007874015748,
      "PRED30": 0.47244094488188976,
      "MMRE": 0.6078380810137504,
      "MdMRE": 0.3130582034078467
    },
    "tau_25": {
      "SA": 0.5758666416315801,
      "PRED25": 0.3700787401574803,
      "PRED30": 0.4330708661417323,
      "MMRE": 0.6262263066375963,
      "MdMRE": 0.34733535679965033
    },
    "tau_100": {
      "SA": 0.49358159958114123,
      "PRED25": 0.3228346456692913,
      "PRED30": 0.3464566929133858,
      "MMRE": 0.6695444069935882,
      "MdMRE": 0.4181795433360535
    },
    "tau_1e+06": {
      "SA": 0.025510104581961124,
      "PRED25": 0.2204724409448819,
      "PRED30": 0.30708661417322836,
      "MMRE": 0.9005022613386248,
      "MdMRE": 0.6086663419507157
    }
  },
  "chosen_tau": 0.5,
  "calibrated": {
    "metrics": {
      "SA": 0.6598749716499036,
      "PRED25": 0.3858267716535433,
      "PRED30": 0.47244094488188976,
      "MMRE": 0.5483795505986172,
      "MdMRE": 0.32067422820400093
    },
    "A": 0.2547,
    "coefficients": {
      "intercept_lnA": -1.3677,
      "lnS(exponent)": 0.47,
      "sf_sensitivity": 0.978,
      "RELY": 0.9497,
      "CPLX": -0.266,
      "DOCU": 0.4698,
      "TIME": 0.9263,
      "PVOL": 0.6802,
      "TOOL": -0.0108,
      "BC_EM_MC": 0.4678,
      "BC_EM_NODE": 0.7302,
      "onchain": -0.187,
      "onchain_x_lnS": -0.0299,
      "ln_authors": 0.3374,
      "ln_funcsize": 0.0416
    }
  },
  "free_ols": {
    "SA": 0.646207988886608,
    "PRED25": 0.36220472440944884,
    "PRED30": 0.4094488188976378,
    "MMRE": 0.567087388619112,
    "MdMRE": 0.3518077574192079
  },
  "fixed_published": {
    "SA": 0.025510104581961124,
    "PRED25": 0.2204724409448819,
    "PRED30": 0.30708661417322836,
    "MMRE": 0.9005022613386248,
    "MdMRE": 0.6086663419507157
  },
  "note": "tau->0 free OLS (unstable); tau->inf fixed published COCOMO II. Bayesian optimum shrinks noisy driver weights toward Boehm's expert values, stabilising the model."
}