{
  "pm_target": "pm_mid",
  "n": 190,
  "A": 0.2906,
  "B": 0.91,
  "sigma_logspace": 1.4431,
  "nominal_constant_variables": [
    "DATA",
    "RUSE",
    "STOR",
    "ACAP",
    "PCAP",
    "PCON",
    "APEX",
    "PLEX",
    "LTEX",
    "SITE",
    "SCED",
    "BC_BEM",
    "BC_EM_REG"
  ],
  "in_sample": {
    "MMRE": 10.794108900298397,
    "MdMRE": 1.675108372263907,
    "PRED25": 0.10526315789473684,
    "PRED30": 0.14210526315789473,
    "MAE": 27.666627051544328,
    "SA": -6.574411411124726
  },
  "loocv": {
    "MMRE": 10.588626390645933,
    "MdMRE": 1.6890486767650859,
    "PRED25": 0.11052631578947368,
    "PRED30": 0.14210526315789473,
    "MAE": 27.23615784257842,
    "SA": -6.456560005441821
  },
  "redundancy": {
    "high_corr_pairs": [
      [
        "RELY",
        "BC_EM_AUD",
        1.0
      ],
      [
        "TIME",
        "BC_EM_GAS",
        1.0
      ],
      [
        "PVOL",
        "BC_DC",
        1.0
      ],
      [
        "PVOL",
        "BC_EM_NODE",
        0.6
      ],
      [
        "BC_DC",
        "BC_EM_NODE",
        0.6
      ]
    ],
    "VIF": {
      "RELY": 1000000000.0,
      "TIME": 1000000000.0,
      "PVOL": 1000000000.0,
      "BC_DC": 1000000000.0,
      "BC_EM_GAS": 1000000000.0,
      "BC_EM_AUD": 1000000000.0,
      "CPLX": 1.72,
      "BC_EM_NODE": 1.7,
      "TOOL": 1.14,
      "DOCU": 1.09,
      "BC_EM_MC": 1.04
    }
  },
  "necessity_ablation_dSA": {
    "TOOL": 0.5888,
    "BC_EM_GAS": -0.1781,
    "BC_EM_NODE": -0.3073,
    "DOCU": -0.3368,
    "TIME": -0.3671,
    "RELY": -0.3802,
    "BC_EM_MC": -0.4925,
    "BC_DC": -0.4961,
    "BC_EM_AUD": -0.6957,
    "PVOL": -0.7086,
    "CPLX": -1.2673
  },
  "residual": {
    "corr_resid_vs_fitted": -0.8146834435025635,
    "resid_std": 1.443063101170701
  },
  "note": "Verdicts: VIF>>5 or |corr|->1 => redundant; dSA<=0 => inert (keep Nominal); residual structure => insufficient. Magnitudes from verified COCOMO II.2000 tables."
}