{
  "pm_target": "pm_mid",
  "n": 127,
  "B_prior": 0.91,
  "drivers_used": [
    "RELY",
    "CPLX",
    "DOCU",
    "TIME",
    "PVOL",
    "TOOL",
    "BC_EM_MC",
    "BC_EM_NODE"
  ],
  "drivers_dropped_collinear": [
    "BC_DC",
    "BC_EM_GAS",
    "BC_EM_AUD"
  ],
  "method": "Bayesian ridge-to-prior (Chulani-Boehm-Steece 1999); prior=published COCOMO II",
  "tau_sweep": {
    "tau_0": {
      "SA": 0.6049766889052817,
      "PRED25": 0.3779527559055118,
      "PRED30": 0.4330708661417323,
      "MMRE": 0.527135746579184,
      "MdMRE": 0.3684971965831675
    },
    "tau_0.5": {
      "SA": 0.6265303582452091,
      "PRED25": 0.3858267716535433,
      "PRED30": 0.4330708661417323,
      "MMRE": 0.515998430531835,
      "MdMRE": 0.35190776622679876
    },
    "tau_1": {
      "SA": 0.6188847682329384,
      "PRED25": 0.3464566929133858,
      "PRED30": 0.4409448818897638,
      "MMRE": 0.5262935576427279,
      "MdMRE": 0.3676955927943192
    },
    "tau_2": {
      "SA": 0.6087603970304039,
      "PRED25": 0.36220472440944884,
      "PRED30": 0.41732283464566927,
      "MMRE": 0.5402017264674758,
      "MdMRE": 0.37314003404228613
    },
    "tau_5": {
      "SA": 0.5947538315342003,
      "PRED25": 0.33858267716535434,
      "PRED30": 0.4015748031496063,
      "MMRE": 0.558335197408036,
      "MdMRE": 0.3723729788588311
    },
    "tau_10": {
      "SA": 0.5855947373894597,
      "PRED25": 0.33070866141732286,
      "PRED30": 0.4094488188976378,
      "MMRE": 0.5682609060692807,
      "MdMRE": 0.38353595611649594
    },
    "tau_25": {
      "SA": 0.5662027929845972,
      "PRED25": 0.3228346456692913,
      "PRED30": 0.3700787401574803,
      "MMRE": 0.5784100532900822,
      "MdMRE": 0.39010211807743617
    },
    "tau_100": {
      "SA": 0.46599970983757844,
      "PRED25": 0.28346456692913385,
      "PRED30": 0.3543307086614173,
      "MMRE": 0.6133313850441834,
      "MdMRE": 0.4366123403621693
    },
    "tau_1e+06": {
      "SA": -0.02908829200943086,
      "PRED25": 0.25196850393700787,
      "PRED30": 0.29133858267716534,
      "MMRE": 0.8395209814414011,
      "MdMRE": 0.5696726792163275
    }
  },
  "chosen_tau": 0.5,
  "calibrated": {
    "metrics": {
      "SA": 0.6265303582452091,
      "PRED25": 0.3858267716535433,
      "PRED30": 0.4330708661417323,
      "MMRE": 0.515998430531835,
      "MdMRE": 0.35190776622679876
    },
    "A": 0.9364,
    "coefficients": {
      "intercept_lnA": -0.0657,
      "lnS(exponent)": 0.5637,
      "sf_sensitivity": 0.84,
      "RELY": 0.944,
      "CPLX": -0.1947,
      "DOCU": 0.7277,
      "TIME": 0.7331,
      "PVOL": 0.5336,
      "TOOL": 0.1556,
      "BC_EM_MC": 0.3466,
      "BC_EM_NODE": 0.3321
    }
  },
  "free_ols": {
    "SA": 0.6049766889052817,
    "PRED25": 0.3779527559055118,
    "PRED30": 0.4330708661417323,
    "MMRE": 0.527135746579184,
    "MdMRE": 0.3684971965831675
  },
  "fixed_published": {
    "SA": -0.02908829200943086,
    "PRED25": 0.25196850393700787,
    "PRED30": 0.29133858267716534,
    "MMRE": 0.8395209814414011,
    "MdMRE": 0.5696726792163275
  },
  "note": "tau->0 free OLS (unstable); tau->inf fixed published COCOMO II. Bayesian optimum shrinks noisy driver weights toward Boehm's expert values, stabilising the model."
}