{
  "pm_target": "pm_mid",
  "n": 139,
  "A": 0.3019,
  "B": 0.91,
  "sigma_logspace": 1.5122,
  "nominal_constant_variables": [
    "DATA",
    "RUSE",
    "STOR",
    "ACAP",
    "PCAP",
    "PCON",
    "APEX",
    "PLEX",
    "LTEX",
    "SITE",
    "SCED",
    "BC_BEM",
    "BC_EM_REG"
  ],
  "in_sample": {
    "MMRE": 14.361651341563672,
    "MdMRE": 2.073726433882134,
    "PRED25": 0.1079136690647482,
    "PRED30": 0.1223021582733813,
    "MAE": 31.104965955929636,
    "SA": -7.182301175450686
  },
  "loocv": {
    "MMRE": 13.922769845895056,
    "MdMRE": 2.098834269763093,
    "PRED25": 0.1079136690647482,
    "PRED30": 0.1223021582733813,
    "MAE": 30.282353615244503,
    "SA": -6.9659092999005034
  },
  "redundancy": {
    "high_corr_pairs": [
      [
        "RELY",
        "BC_EM_AUD",
        1.0
      ],
      [
        "TIME",
        "BC_EM_GAS",
        1.0
      ],
      [
        "PVOL",
        "BC_DC",
        1.0
      ],
      [
        "PVOL",
        "BC_EM_NODE",
        0.604
      ],
      [
        "BC_DC",
        "BC_EM_NODE",
        0.604
      ]
    ],
    "VIF": {
      "RELY": 1000000000.0,
      "TIME": 1000000000.0,
      "PVOL": 1000000000.0,
      "BC_DC": 1000000000.0,
      "BC_EM_GAS": 1000000000.0,
      "BC_EM_AUD": 1000000000.0,
      "BC_EM_NODE": 1.7,
      "CPLX": 1.62,
      "TOOL": 1.2,
      "DOCU": 1.06,
      "BC_EM_MC": 1.06
    }
  },
  "necessity_ablation_dSA": {
    "TOOL": 0.8721,
    "BC_EM_GAS": -0.2579,
    "DOCU": -0.3134,
    "RELY": -0.3514,
    "BC_EM_NODE": -0.4267,
    "BC_DC": -0.5255,
    "TIME": -0.5338,
    "BC_EM_AUD": -0.6436,
    "BC_EM_MC": -0.6901,
    "PVOL": -0.7503,
    "CPLX": -1.3307
  },
  "residual": {
    "corr_resid_vs_fitted": -0.8067966677966788,
    "resid_std": 1.5122281272059475
  },
  "note": "Verdicts: VIF>>5 or |corr|->1 => redundant; dSA<=0 => inert (keep Nominal); residual structure => insufficient. Magnitudes from verified COCOMO II.2000 tables."
}