{
  "pm_target": "pm_high",
  "n": 127,
  "B_prior": 0.91,
  "drivers_used": [
    "RELY",
    "CPLX",
    "DOCU",
    "TIME",
    "PVOL",
    "TOOL",
    "BC_EM_MC",
    "BC_EM_NODE"
  ],
  "drivers_dropped_collinear": [
    "BC_DC",
    "BC_EM_GAS",
    "BC_EM_AUD"
  ],
  "method": "Bayesian ridge-to-prior (Chulani-Boehm-Steece 1999); prior=published COCOMO II",
  "tau_sweep": {
    "tau_0": {
      "SA": 0.6339788041282488,
      "PRED25": 0.41732283464566927,
      "PRED30": 0.5196850393700787,
      "MMRE": 0.3588142703502955,
      "MdMRE": 0.2920704563800876
    },
    "tau_0.5": {
      "SA": 0.6458632431083948,
      "PRED25": 0.47244094488188976,
      "PRED30": 0.5354330708661418,
      "MMRE": 0.35453973868027017,
      "MdMRE": 0.26393584307288215
    },
    "tau_1": {
      "SA": 0.6415458783284751,
      "PRED25": 0.47244094488188976,
      "PRED30": 0.5354330708661418,
      "MMRE": 0.36211384593602564,
      "MdMRE": 0.2776283677832922
    },
    "tau_2": {
      "SA": 0.6351651277259303,
      "PRED25": 0.4645669291338583,
      "PRED30": 0.5433070866141733,
      "MMRE": 0.37378338122253113,
      "MdMRE": 0.2749755896923973
    },
    "tau_5": {
      "SA": 0.6259120534614477,
      "PRED25": 0.4566929133858268,
      "PRED30": 0.5511811023622047,
      "MMRE": 0.3935397286525975,
      "MdMRE": 0.2668953191769988
    },
    "tau_10": {
      "SA": 0.6086877690047452,
      "PRED25": 0.44881889763779526,
      "PRED30": 0.49606299212598426,
      "MMRE": 0.41863889699638546,
      "MdMRE": 0.30106653551710827
    },
    "tau_25": {
      "SA": 0.547321809558879,
      "PRED25": 0.41732283464566927,
      "PRED30": 0.44881889763779526,
      "MMRE": 0.48313440535764973,
      "MdMRE": 0.3384721461291724
    },
    "tau_100": {
      "SA": 0.3395698278029109,
      "PRED25": 0.28346456692913385,
      "PRED30": 0.33858267716535434,
      "MMRE": 0.6609504513759019,
      "MdMRE": 0.44686583726837487
    },
    "tau_1e+06": {
      "SA": -0.8799556424854089,
      "PRED25": 0.16535433070866143,
      "PRED30": 0.2125984251968504,
      "MMRE": 1.3122983668002282,
      "MdMRE": 0.7012423066774156
    }
  },
  "chosen_tau": 0.5,
  "calibrated": {
    "metrics": {
      "SA": 0.6458632431083948,
      "PRED25": 0.47244094488188976,
      "PRED30": 0.5354330708661418,
      "MMRE": 0.35453973868027017,
      "MdMRE": 0.26393584307288215
    },
    "A": 2.8852,
    "coefficients": {
      "intercept_lnA": 1.0596,
      "lnS(exponent)": 0.1567,
      "sf_sensitivity": 0.8251,
      "RELY": 0.8901,
      "CPLX": 0.1081,
      "DOCU": 0.1838,
      "TIME": 0.8004,
      "PVOL": 0.542,
      "TOOL": 0.1837,
      "BC_EM_MC": 0.3231,
      "BC_EM_NODE": 0.73,
      "onchain": -0.2334,
      "onchain_x_lnS": 0.0419,
      "ln_authors": 0.7232,
      "ln_funcsize": -0.0079
    }
  },
  "free_ols": {
    "SA": 0.6339788041282488,
    "PRED25": 0.41732283464566927,
    "PRED30": 0.5196850393700787,
    "MMRE": 0.3588142703502955,
    "MdMRE": 0.2920704563800876
  },
  "fixed_published": {
    "SA": -0.8799556424854089,
    "PRED25": 0.16535433070866143,
    "PRED30": 0.2125984251968504,
    "MMRE": 1.3122983668002282,
    "MdMRE": 0.7012423066774156
  },
  "note": "tau->0 free OLS (unstable); tau->inf fixed published COCOMO II. Bayesian optimum shrinks noisy driver weights toward Boehm's expert values, stabilising the model."
}