{
  "pm_target": "pm_high",
  "n": 127,
  "B_prior": 0.91,
  "drivers_used": [
    "RELY",
    "CPLX",
    "DOCU",
    "TIME",
    "PVOL",
    "TOOL",
    "BC_EM_MC",
    "BC_EM_NODE"
  ],
  "drivers_dropped_collinear": [
    "BC_DC",
    "BC_EM_GAS",
    "BC_EM_AUD"
  ],
  "method": "Bayesian ridge-to-prior (Chulani-Boehm-Steece 1999); prior=published COCOMO II",
  "tau_sweep": {
    "tau_0": {
      "SA": 0.47841451019916525,
      "PRED25": 0.2992125984251969,
      "PRED30": 0.36220472440944884,
      "MMRE": 0.5618241798458733,
      "MdMRE": 0.3645772264405383
    },
    "tau_0.5": {
      "SA": 0.5187940383890679,
      "PRED25": 0.31496062992125984,
      "PRED30": 0.3779527559055118,
      "MMRE": 0.5384569248071103,
      "MdMRE": 0.3650173769496757
    },
    "tau_1": {
      "SA": 0.5187691178322029,
      "PRED25": 0.30708661417322836,
      "PRED30": 0.4094488188976378,
      "MMRE": 0.543176010915292,
      "MdMRE": 0.37074279069280985
    },
    "tau_2": {
      "SA": 0.5116144520541543,
      "PRED25": 0.33070866141732286,
      "PRED30": 0.4094488188976378,
      "MMRE": 0.5518074885244127,
      "MdMRE": 0.36045649628066767
    },
    "tau_5": {
      "SA": 0.499439243630346,
      "PRED25": 0.36220472440944884,
      "PRED30": 0.41732283464566927,
      "MMRE": 0.5637336618552636,
      "MdMRE": 0.3539561208066442
    },
    "tau_10": {
      "SA": 0.4900440968913361,
      "PRED25": 0.3464566929133858,
      "PRED30": 0.4015748031496063,
      "MMRE": 0.5723983087810411,
      "MdMRE": 0.3583116694131307
    },
    "tau_25": {
      "SA": 0.46700715505083223,
      "PRED25": 0.2992125984251969,
      "PRED30": 0.36220472440944884,
      "MMRE": 0.5902295016050074,
      "MdMRE": 0.41262592246184854
    },
    "tau_100": {
      "SA": 0.30428605110702955,
      "PRED25": 0.25196850393700787,
      "PRED30": 0.2992125984251969,
      "MMRE": 0.6903306713496115,
      "MdMRE": 0.5073832878136864
    },
    "tau_1e+06": {
      "SA": -0.8803325082819291,
      "PRED25": 0.16535433070866143,
      "PRED30": 0.2125984251968504,
      "MMRE": 1.312470767421928,
      "MdMRE": 0.7010999162445308
    }
  },
  "chosen_tau": 0.5,
  "calibrated": {
    "metrics": {
      "SA": 0.5187940383890679,
      "PRED25": 0.31496062992125984,
      "PRED30": 0.3779527559055118,
      "MMRE": 0.5384569248071103,
      "MdMRE": 0.3650173769496757
    },
    "A": 5.1791,
    "coefficients": {
      "intercept_lnA": 1.6446,
      "lnS(exponent)": 0.3297,
      "sf_sensitivity": 0.8251,
      "RELY": 0.9396,
      "CPLX": 0.2407,
      "DOCU": 0.4231,
      "TIME": 0.7482,
      "PVOL": 0.5712,
      "TOOL": 0.0869,
      "BC_EM_MC": 0.3729,
      "BC_EM_NODE": 0.4197
    }
  },
  "free_ols": {
    "SA": 0.47841451019916525,
    "PRED25": 0.2992125984251969,
    "PRED30": 0.36220472440944884,
    "MMRE": 0.5618241798458733,
    "MdMRE": 0.3645772264405383
  },
  "fixed_published": {
    "SA": -0.8803325082819291,
    "PRED25": 0.16535433070866143,
    "PRED30": 0.2125984251968504,
    "MMRE": 1.312470767421928,
    "MdMRE": 0.7010999162445308
  },
  "note": "tau->0 free OLS (unstable); tau->inf fixed published COCOMO II. Bayesian optimum shrinks noisy driver weights toward Boehm's expert values, stabilising the model."
}