{
  "prospective_only": {
    "selected": [
      "ln_ksloc",
      "lang_typescript",
      "lang_javascript",
      "ln_ksloc_all"
    ],
    "trail": [
      [
        "<<baseline:mean>>",
        0.215
      ],
      [
        "ln_ksloc",
        0.444
      ],
      [
        "lang_typescript",
        0.481
      ],
      [
        "lang_javascript",
        0.492
      ],
      [
        "ln_ksloc_all",
        0.5
      ]
    ],
    "metrics": {
      "SA": 0.5000489333705871,
      "PRED25": 0.2698412698412698,
      "PRED30": 0.30158730158730157,
      "MMRE": 1.1234702816490274,
      "MdMRE": 0.5219081163548384,
      "R2_insample": 0.486903460094282
    },
    "coeffs": {
      "intercept": -0.1587028206400316,
      "ln_ksloc": 0.31007758214533243,
      "lang_typescript": 0.735927200223575,
      "lang_javascript": 2.386362994688343,
      "ln_ksloc_all": 0.17996292210344314
    }
  },
  "with_team_size": {
    "selected": [
      "ln_ksloc",
      "lang_typescript",
      "ln_authors",
      "lang_javascript",
      "ln_ksloc_all"
    ],
    "trail": [
      [
        "<<baseline:mean>>",
        0.215
      ],
      [
        "ln_ksloc",
        0.444
      ],
      [
        "lang_typescript",
        0.481
      ],
      [
        "ln_authors",
        0.5
      ],
      [
        "lang_javascript",
        0.508
      ],
      [
        "ln_ksloc_all",
        0.521
      ]
    ],
    "metrics": {
      "SA": 0.5208843763305191,
      "PRED25": 0.25396825396825395,
      "PRED30": 0.31746031746031744,
      "MMRE": 1.0755198221950149,
      "MdMRE": 0.499090313568102,
      "R2_insample": 0.5235701320709284
    },
    "coeffs": {
      "intercept": -0.6521136827706449,
      "ln_ksloc": 0.2883548755694406,
      "lang_typescript": 0.7443379033724861,
      "ln_authors": 0.4927783132921742,
      "lang_javascript": 2.105955747179324,
      "ln_ksloc_all": 0.14180689403557267
    }
  },
  "full_prospective": {
    "selected": [
      "ln_ksloc",
      "ln_ksloc_all",
      "onchain_runtime",
      "has_contracts",
      "has_audit",
      "has_ci",
      "has_tests",
      "has_docs",
      "has_docker",
      "has_lintfmt",
      "dep_consensus",
      "dep_crosschain",
      "dep_zkcrypto",
      "dep_contract",
      "dep_frontend",
      "lang_typescript",
      "lang_c++",
      "lang_rust",
      "lang_java",
      "lang_javascript",
      "lang_go",
      "ln_n_pallets",
      "ln_n_extrinsics",
      "ln_n_storage",
      "ln_n_events",
      "ln_n_ink_msgs",
      "ln_n_sol_funcs",
      "ln_n_contracts_def",
      "ln_n_rpc",
      "ln_feature_units"
    ],
    "metrics": {
      "SA": 0.13255325969714027,
      "PRED25": 0.19047619047619047,
      "PRED30": 0.23809523809523808,
      "MMRE": 1.4034403536604505,
      "MdMRE": 0.7107304231060068,
      "R2_insample": 0.7203749720443833
    }
  },
  "univariate_LOOCV_SA": {
    "ln_ksloc": 0.444,
    "ln_ksloc_all": 0.361,
    "lang_typescript": 0.274,
    "ln_authors": 0.264,
    "has_ci": 0.252,
    "has_lintfmt": 0.241,
    "dep_frontend": 0.241,
    "has_audit": 0.239,
    "lang_javascript": 0.235,
    "has_contracts": 0.228,
    "has_tests": 0.224,
    "dep_contract": 0.223,
    "has_docs": 0.222,
    "ln_n_sol_funcs": 0.221,
    "ln_n_extrinsics": 0.219,
    "lang_go": 0.216,
    "onchain_runtime": 0.214,
    "lang_c++": 0.214,
    "lang_java": 0.214,
    "ln_n_rpc": 0.211,
    "lang_rust": 0.21,
    "ln_n_ink_msgs": 0.21,
    "ln_n_pallets": 0.209,
    "ln_n_storage": 0.208,
    "dep_zkcrypto": 0.206,
    "has_docker": 0.205,
    "ln_n_events": 0.205,
    "dep_consensus": 0.203,
    "ln_feature_units": 0.2,
    "dep_crosschain": 0.198,
    "ln_n_contracts_def": 0.184
  },
  "n": 63,
  "pm_target": "pm_mid"
}