{
  "pm_target": "pm_mid",
  "n": 179,
  "A": 0.2865,
  "B": 0.91,
  "sigma_logspace": 1.4554,
  "nominal_constant_variables": [
    "DATA",
    "RUSE",
    "STOR",
    "ACAP",
    "PCAP",
    "PCON",
    "APEX",
    "PLEX",
    "LTEX",
    "SITE",
    "SCED",
    "BC_BEM",
    "BC_EM_REG"
  ],
  "in_sample": {
    "MMRE": 11.320173909743692,
    "MdMRE": 1.7519084624596553,
    "PRED25": 0.11173184357541899,
    "PRED30": 0.1564245810055866,
    "MAE": 29.033021139136157,
    "SA": -6.782094904231194
  },
  "loocv": {
    "MMRE": 11.089755268549904,
    "MdMRE": 1.7675861598707616,
    "PRED25": 0.11173184357541899,
    "PRED30": 0.15083798882681565,
    "MAE": 28.550616188075054,
    "SA": -6.652789686788012
  },
  "redundancy": {
    "high_corr_pairs": [
      [
        "RELY",
        "BC_EM_AUD",
        1.0
      ],
      [
        "TIME",
        "BC_EM_GAS",
        1.0
      ],
      [
        "PVOL",
        "BC_DC",
        1.0
      ]
    ],
    "VIF": {
      "RELY": 1000000000.0,
      "TIME": 1000000000.0,
      "PVOL": 1000000000.0,
      "BC_DC": 1000000000.0,
      "BC_EM_GAS": 1000000000.0,
      "BC_EM_AUD": 1000000000.0,
      "CPLX": 1.81,
      "BC_EM_NODE": 1.69,
      "TOOL": 1.17,
      "DOCU": 1.08,
      "BC_EM_MC": 1.05
    }
  },
  "necessity_ablation_dSA": {
    "TOOL": 0.6478,
    "BC_EM_GAS": -0.183,
    "BC_EM_NODE": -0.3145,
    "DOCU": -0.3483,
    "TIME": -0.3773,
    "RELY": -0.3961,
    "BC_DC": -0.4996,
    "BC_EM_MC": -0.5056,
    "PVOL": -0.7136,
    "BC_EM_AUD": -0.7246,
    "CPLX": -1.3478
  },
  "residual": {
    "corr_resid_vs_fitted": -0.8145202019403821,
    "resid_std": 1.4554031270601768
  },
  "note": "Verdicts: VIF>>5 or |corr|->1 => redundant; dSA<=0 => inert (keep Nominal); residual structure => insufficient. Magnitudes from verified COCOMO II.2000 tables."
}