{
  "pm_target": "pm_mid",
  "n": 127,
  "B_prior": 0.91,
  "drivers_used": [
    "RELY",
    "CPLX",
    "DOCU",
    "TIME",
    "PVOL",
    "TOOL",
    "BC_EM_MC",
    "BC_EM_NODE"
  ],
  "drivers_dropped_collinear": [
    "BC_DC",
    "BC_EM_GAS",
    "BC_EM_AUD"
  ],
  "method": "Bayesian ridge-to-prior (Chulani-Boehm-Steece 1999); prior=published COCOMO II",
  "tau_sweep": {
    "tau_0": {
      "SA": 0.6434023694355306,
      "PRED25": 0.3937007874015748,
      "PRED30": 0.4566929133858268,
      "MMRE": 0.4753756647526045,
      "MdMRE": 0.33146155207178696
    },
    "tau_0.5": {
      "SA": 0.655135482286051,
      "PRED25": 0.4015748031496063,
      "PRED30": 0.4566929133858268,
      "MMRE": 0.4669785843289459,
      "MdMRE": 0.33176303866163326
    },
    "tau_1": {
      "SA": 0.6460514474830443,
      "PRED25": 0.3858267716535433,
      "PRED30": 0.4645669291338583,
      "MMRE": 0.47586348083990854,
      "MdMRE": 0.3326547494157281
    },
    "tau_2": {
      "SA": 0.635728105003829,
      "PRED25": 0.3937007874015748,
      "PRED30": 0.4566929133858268,
      "MMRE": 0.4873148708744131,
      "MdMRE": 0.336158506118208
    },
    "tau_5": {
      "SA": 0.6214613757868469,
      "PRED25": 0.4015748031496063,
      "PRED30": 0.4409448818897638,
      "MMRE": 0.5033911040263382,
      "MdMRE": 0.35746471317313977
    },
    "tau_10": {
      "SA": 0.6086222773369188,
      "PRED25": 0.4015748031496063,
      "PRED30": 0.4409448818897638,
      "MMRE": 0.5161295533757847,
      "MdMRE": 0.3624980938596992
    },
    "tau_25": {
      "SA": 0.5787579106416019,
      "PRED25": 0.3858267716535433,
      "PRED30": 0.4566929133858268,
      "MMRE": 0.5380113168347406,
      "MdMRE": 0.35767012800020775
    },
    "tau_100": {
      "SA": 0.48305292845810954,
      "PRED25": 0.33070866141732286,
      "PRED30": 0.3700787401574803,
      "MMRE": 0.5924433086338211,
      "MdMRE": 0.4312161473922719
    },
    "tau_1e+06": {
      "SA": -0.029018153753636478,
      "PRED25": 0.25196850393700787,
      "PRED30": 0.29133858267716534,
      "MMRE": 0.8394974115292883,
      "MdMRE": 0.5696599762214763
    }
  },
  "chosen_tau": 0.5,
  "calibrated": {
    "metrics": {
      "SA": 0.655135482286051,
      "PRED25": 0.4015748031496063,
      "PRED30": 0.4566929133858268,
      "MMRE": 0.4669785843289459,
      "MdMRE": 0.33176303866163326
    },
    "A": 0.6202,
    "coefficients": {
      "intercept_lnA": -0.4778,
      "lnS(exponent)": 0.4468,
      "sf_sensitivity": 0.9325,
      "RELY": 0.9517,
      "CPLX": -0.2376,
      "DOCU": 0.5465,
      "TIME": 0.8798,
      "PVOL": 0.5624,
      "TOOL": 0.1487,
      "BC_EM_MC": 0.4901,
      "BC_EM_NODE": 0.8157,
      "onchain": -0.1232,
      "onchain_x_lnS": -0.0483,
      "ln_authors": 0.4201,
      "ln_funcsize": 0.031
    }
  },
  "free_ols": {
    "SA": 0.6434023694355306,
    "PRED25": 0.3937007874015748,
    "PRED30": 0.4566929133858268,
    "MMRE": 0.4753756647526045,
    "MdMRE": 0.33146155207178696
  },
  "fixed_published": {
    "SA": -0.029018153753636478,
    "PRED25": 0.25196850393700787,
    "PRED30": 0.29133858267716534,
    "MMRE": 0.8394974115292883,
    "MdMRE": 0.5696599762214763
  },
  "note": "tau->0 free OLS (unstable); tau->inf fixed published COCOMO II. Bayesian optimum shrinks noisy driver weights toward Boehm's expert values, stabilising the model."
}