{
  "pm_target": "pm_low",
  "n": 127,
  "B_prior": 0.91,
  "drivers_used": [
    "RELY",
    "CPLX",
    "DOCU",
    "TIME",
    "PVOL",
    "TOOL",
    "BC_EM_MC",
    "BC_EM_NODE"
  ],
  "drivers_dropped_collinear": [
    "BC_DC",
    "BC_EM_GAS",
    "BC_EM_AUD"
  ],
  "method": "Bayesian ridge-to-prior (Chulani-Boehm-Steece 1999); prior=published COCOMO II",
  "tau_sweep": {
    "tau_0": {
      "SA": 0.6485281391246196,
      "PRED25": 0.36220472440944884,
      "PRED30": 0.44881889763779526,
      "MMRE": 0.5626510537400647,
      "MdMRE": 0.3517885647549061
    },
    "tau_0.5": {
      "SA": 0.6610347140952977,
      "PRED25": 0.3858267716535433,
      "PRED30": 0.4566929133858268,
      "MMRE": 0.5449143014217661,
      "MdMRE": 0.3121683786909963
    },
    "tau_1": {
      "SA": 0.6505269186043398,
      "PRED25": 0.4015748031496063,
      "PRED30": 0.4881889763779528,
      "MMRE": 0.5549046696298479,
      "MdMRE": 0.31436470895346325
    },
    "tau_2": {
      "SA": 0.6350145017217779,
      "PRED25": 0.3937007874015748,
      "PRED30": 0.5118110236220472,
      "MMRE": 0.571180382026147,
      "MdMRE": 0.2966155366819638
    },
    "tau_5": {
      "SA": 0.618307035174132,
      "PRED25": 0.4094488188976378,
      "PRED30": 0.5039370078740157,
      "MMRE": 0.5906843969989599,
      "MdMRE": 0.29899002784377693
    },
    "tau_10": {
      "SA": 0.6073035875296076,
      "PRED25": 0.3937007874015748,
      "PRED30": 0.4645669291338583,
      "MMRE": 0.6029580834703862,
      "MdMRE": 0.3174992967812165
    },
    "tau_25": {
      "SA": 0.5822064384690944,
      "PRED25": 0.3700787401574803,
      "PRED30": 0.4330708661417323,
      "MMRE": 0.6211620334965017,
      "MdMRE": 0.35136975229846995
    },
    "tau_100": {
      "SA": 0.4767496127003148,
      "PRED25": 0.2992125984251969,
      "PRED30": 0.3464566929133858,
      "MMRE": 0.6774763062334987,
      "MdMRE": 0.42261610502653524
    },
    "tau_1e+06": {
      "SA": 0.02545896955553828,
      "PRED25": 0.2204724409448819,
      "PRED30": 0.30708661417322836,
      "MMRE": 0.9005292988207438,
      "MdMRE": 0.6086675299254962
    }
  },
  "chosen_tau": 0.5,
  "calibrated": {
    "metrics": {
      "SA": 0.6610347140952977,
      "PRED25": 0.3858267716535433,
      "PRED30": 0.4566929133858268,
      "MMRE": 0.5449143014217661,
      "MdMRE": 0.3121683786909963
    },
    "A": 0.2589,
    "coefficients": {
      "intercept_lnA": -1.3513,
      "lnS(exponent)": 0.4612,
      "sf_sensitivity": 0.9736,
      "RELY": 0.9397,
      "CPLX": -0.2768,
      "DOCU": 0.4796,
      "TIME": 0.9042,
      "PVOL": 0.6818,
      "TOOL": -0.0014,
      "BC_EM_MC": 0.4674,
      "BC_EM_NODE": 0.7242,
      "onchain": -0.2168,
      "ln_authors": 0.3302,
      "ln_funcsize": 0.0421
    }
  },
  "free_ols": {
    "SA": 0.6485281391246196,
    "PRED25": 0.36220472440944884,
    "PRED30": 0.44881889763779526,
    "MMRE": 0.5626510537400647,
    "MdMRE": 0.3517885647549061
  },
  "fixed_published": {
    "SA": 0.02545896955553828,
    "PRED25": 0.2204724409448819,
    "PRED30": 0.30708661417322836,
    "MMRE": 0.9005292988207438,
    "MdMRE": 0.6086675299254962
  },
  "note": "tau->0 free OLS (unstable); tau->inf fixed published COCOMO II. Bayesian optimum shrinks noisy driver weights toward Boehm's expert values, stabilising the model."
}