{
  "pm_target": "pm_high",
  "n": 139,
  "A": 1.3894,
  "B": 0.91,
  "sigma_logspace": 1.578,
  "nominal_constant_variables": [
    "DATA",
    "RUSE",
    "STOR",
    "ACAP",
    "PCAP",
    "PCON",
    "APEX",
    "PLEX",
    "LTEX",
    "SITE",
    "SCED",
    "BC_BEM",
    "BC_EM_REG"
  ],
  "in_sample": {
    "MMRE": 19.30411642313519,
    "MdMRE": 2.482552289456304,
    "PRED25": 0.09352517985611511,
    "PRED30": 0.10071942446043165,
    "MAE": 162.30856109556294,
    "SA": -12.667903194418459
  },
  "loocv": {
    "MMRE": 18.50333153361783,
    "MdMRE": 2.5141834425521696,
    "PRED25": 0.09352517985611511,
    "PRED30": 0.10071942446043165,
    "MAE": 157.38605896660158,
    "SA": -12.253382345248035
  },
  "redundancy": {
    "high_corr_pairs": [
      [
        "RELY",
        "BC_EM_AUD",
        1.0
      ],
      [
        "TIME",
        "BC_EM_GAS",
        1.0
      ],
      [
        "PVOL",
        "BC_DC",
        1.0
      ],
      [
        "PVOL",
        "BC_EM_NODE",
        0.604
      ],
      [
        "BC_DC",
        "BC_EM_NODE",
        0.604
      ]
    ],
    "VIF": {
      "RELY": 1000000000.0,
      "TIME": 1000000000.0,
      "PVOL": 1000000000.0,
      "BC_DC": 1000000000.0,
      "BC_EM_GAS": 1000000000.0,
      "BC_EM_AUD": 1000000000.0,
      "BC_EM_NODE": 1.7,
      "CPLX": 1.62,
      "TOOL": 1.2,
      "DOCU": 1.06,
      "BC_EM_MC": 1.06
    }
  },
  "necessity_ablation_dSA": {
    "TOOL": 1.5094,
    "BC_EM_GAS": -0.4369,
    "DOCU": -0.4867,
    "RELY": -0.5766,
    "BC_EM_NODE": -0.658,
    "BC_DC": -0.8655,
    "TIME": -0.9042,
    "BC_EM_AUD": -1.0564,
    "BC_EM_MC": -1.1272,
    "PVOL": -1.2354,
    "CPLX": -2.1389
  },
  "residual": {
    "corr_resid_vs_fitted": -0.8908689689864142,
    "resid_std": 1.5779613898501015
  },
  "note": "Verdicts: VIF>>5 or |corr|->1 => redundant; dSA<=0 => inert (keep Nominal); residual structure => insufficient. Magnitudes from verified COCOMO II.2000 tables."
}