{
  "prospective_only": {
    "selected": [
      "ln_ksloc",
      "lang_javascript"
    ],
    "trail": [
      [
        "<<baseline:mean>>",
        0.252
      ],
      [
        "ln_ksloc",
        0.376
      ],
      [
        "lang_javascript",
        0.39
      ]
    ],
    "metrics": {
      "SA": 0.39010236864052783,
      "PRED25": 0.25396825396825395,
      "PRED30": 0.30158730158730157,
      "MMRE": 0.627707114196935,
      "MdMRE": 0.4508205215854661,
      "R2_insample": 0.4034910369741129
    },
    "coeffs": {
      "intercept": 1.8370457488979133,
      "ln_ksloc": 0.30635902774749935,
      "lang_javascript": 1.6297856029338276
    }
  },
  "with_team_size": {
    "selected": [
      "ln_authors",
      "ln_ksloc",
      "onchain_runtime",
      "ln_n_events",
      "ln_n_storage",
      "has_lintfmt",
      "lang_javascript",
      "lang_java"
    ],
    "trail": [
      [
        "<<baseline:mean>>",
        0.252
      ],
      [
        "ln_authors",
        0.385
      ],
      [
        "ln_ksloc",
        0.519
      ],
      [
        "onchain_runtime",
        0.527
      ],
      [
        "ln_n_events",
        0.547
      ],
      [
        "ln_n_storage",
        0.573
      ],
      [
        "has_lintfmt",
        0.589
      ],
      [
        "lang_javascript",
        0.598
      ],
      [
        "lang_java",
        0.603
      ]
    ],
    "metrics": {
      "SA": 0.602543548257847,
      "PRED25": 0.3968253968253968,
      "PRED30": 0.47619047619047616,
      "MMRE": 0.4355928834433451,
      "MdMRE": 0.30995282885618397,
      "R2_insample": 0.672620323260244
    },
    "coeffs": {
      "intercept": 0.8561202065636021,
      "ln_authors": 0.8880671925091872,
      "ln_ksloc": 0.21128880010079143,
      "onchain_runtime": -0.2200722319421422,
      "ln_n_events": 1.0340311408313978,
      "ln_n_storage": -0.5229524538702424,
      "has_lintfmt": 0.1220955646492381,
      "lang_javascript": 1.2088909005455906,
      "lang_java": -0.296235170207545
    }
  },
  "full_prospective": {
    "selected": [
      "ln_ksloc",
      "ln_ksloc_all",
      "onchain_runtime",
      "has_contracts",
      "has_audit",
      "has_ci",
      "has_tests",
      "has_docs",
      "has_docker",
      "has_lintfmt",
      "dep_consensus",
      "dep_crosschain",
      "dep_zkcrypto",
      "dep_contract",
      "dep_frontend",
      "lang_typescript",
      "lang_c++",
      "lang_javascript",
      "lang_go",
      "lang_java",
      "lang_rust",
      "ln_n_pallets",
      "ln_n_extrinsics",
      "ln_n_storage",
      "ln_n_events",
      "ln_n_ink_msgs",
      "ln_n_sol_funcs",
      "ln_n_contracts_def",
      "ln_n_rpc",
      "ln_feature_units"
    ],
    "metrics": {
      "SA": 0.02872512093957369,
      "PRED25": 0.23809523809523808,
      "PRED30": 0.30158730158730157,
      "MMRE": 0.922692863428555,
      "MdMRE": 0.54809049352417,
      "R2_insample": 0.6653339858191959
    }
  },
  "univariate_LOOCV_SA": {
    "ln_authors": 0.385,
    "ln_ksloc": 0.376,
    "ln_ksloc_all": 0.322,
    "has_audit": 0.271,
    "lang_javascript": 0.268,
    "has_docs": 0.262,
    "has_ci": 0.26,
    "dep_crosschain": 0.259,
    "dep_frontend": 0.257,
    "lang_java": 0.255,
    "dep_contract": 0.253,
    "ln_n_sol_funcs": 0.253,
    "ln_n_ink_msgs": 0.252,
    "dep_zkcrypto": 0.25,
    "has_docker": 0.249,
    "lang_go": 0.249,
    "lang_typescript": 0.248,
    "lang_c++": 0.248,
    "has_lintfmt": 0.247,
    "ln_n_extrinsics": 0.246,
    "ln_n_rpc": 0.246,
    "has_contracts": 0.244,
    "ln_n_contracts_def": 0.244,
    "has_tests": 0.243,
    "lang_rust": 0.241,
    "dep_consensus": 0.238,
    "onchain_runtime": 0.236,
    "ln_feature_units": 0.235,
    "ln_n_storage": 0.228,
    "ln_n_pallets": 0.227,
    "ln_n_events": 0.227
  },
  "n": 63,
  "pm_target": "pm_high"
}