path,source_url,captured_at,sha256,bytes
data/raw/applications/admeta.md,https://raw.githubusercontent.com/w3f/Grants-Program/master/applications/AdMeta.md,2026-08-08T17:54:42.475921+00:00,0fb475b90b3bb5081383791c0de81ee188c691f82c1ff30a4ef22ba37ba0f6bf,12705
data/raw/applications/Afloat.md,https://raw.githubusercontent.com/w3f/Grants-Program/master/applications/Afloat.md,2026-08-08T17:54:42.475921+00:00,b341bc1e879e4a0e88c72328ebc6ab585abb0d470f0a3571ca122a100786d195,23193
data/raw/applications/agridot.md,https://raw.githubusercontent.com/w3f/Grants-Program/master/applications/AgriDot.md,2026-08-08T17:54:42.475921+00:00,504733690c7e6198e3f49a1e21ec40f3d9f0d1baedf5fd67563da2ef8fdb8d66,22324
data/raw/applications/Aisland-DocSig.md,https://raw.githubusercontent.com/w3f/Grants-Program/master/applications/Aisland-DocSig.md,2026-08-08T17:54:42.475921+00:00,57d9d9b075ec6d0ad22dbfefea0866095c03fb81709b584018699660feff494b,15075
data/raw/applications/ajuna.md,https://raw.githubusercontent.com/w3f/Grants-Program/master/applications/ajuna_network_follow_up.md,2026-08-08T17:54:42.475921+00:00,e8521f8a9f05457fb77316286ec565bb011488708e95e3c032a0b211f445b82c,21616
data/raw/applications/AlgoCash.md,https://raw.githubusercontent.com/w3f/Grants-Program/master/applications/AlgoCash.md,2026-08-08T17:54:42.475921+00:00,d70dab30d67ad7e39239f64cbaa6b21b2ee371653abdc115d59141aa8fbaa732,11232
data/raw/applications/anagolay-project-idiyanale-multi-token-community-contributions-for-verified-creators.md,https://raw.githubusercontent.com/w3f/Grants-Program/master/applications/anagolay-project-idiyanale-multi-token-community-contributions-for-verified-creators.md,2026-08-08T17:54:42.475921+00:00,57a8352fd6931c16d507a7f7966765e8eb427941cbc49f4c4c0947c74747d4d1,27036
data/raw/applications/anagolay-project-idiyanale-phase.md,https://raw.githubusercontent.com/w3f/Grants-Program/master/applications/anagolay-project-idiyanale-phase-1.md,2026-08-08T17:54:42.475921+00:00,538c550806443decdb628f114e0b28be17264dfb43832cd434c7ad0a292dd8a6,28833
data/raw/applications/anchor.md,https://raw.githubusercontent.com/w3f/Grants-Program/master/applications/Anchor.md,2026-08-08T17:54:42.475921+00:00,e80e36976b90419f66e6f476fb1165535f4d0ce0d207750718f12569c6a8b561,12881
data/raw/applications/apron-network.md,https://raw.githubusercontent.com/w3f/Grants-Program/master/applications/Apron_Network.md,2026-08-08T17:54:42.475921+00:00,271c5d9a1b5ddac3f84812ef601c51ecb376e87e080677feb8c750900cb56b71,12193
data/raw/applications/ares_protocol.md,https://raw.githubusercontent.com/w3f/Grants-Program/master/applications/ares_protocol.md,2026-08-08T17:54:42.475921+00:00,07d8e68584dea38d365c2d9fff0e3218060e6dd75377ebe29957733ddaeab9a9,6887
data/raw/applications/ArtZero_InkWhale.md,https://raw.githubusercontent.com/w3f/Grants-Program/master/applications/ArtZero_InkWhale.md,2026-08-08T17:54:42.475921+00:00,e27d0e985373e8feb1671748be11d27abb314822376c7f7dfba69a169b991742,9977
data/raw/applications/assemblyscript-scale-codec.md,https://raw.githubusercontent.com/w3f/Grants-Program/master/applications/hyperfridge.md,2026-08-08T17:54:42.475921+00:00,0476e85334bb4eb1023510c6b86c9742811b17e3aa7d0f54c3932f935bb5619f,34778
data/raw/applications/Awesome-Polka.md,https://raw.githubusercontent.com/w3f/Grants-Program/master/applications/Awesome-Polka.md,2026-08-08T17:54:42.475921+00:00,2a367ab32b2045e03b53c032e3fe4d0f161c4a2e3f13f3fa0003b9a6a3aebc29,20951
data/raw/applications/BandersnatchVRF.md,https://raw.githubusercontent.com/w3f/Grants-Program/master/applications/BandersnatchVRF.md,2026-08-08T17:54:42.475921+00:00,7c481d28eef0e9392c3674238e5c7a6dceb2052a089352df11cf45fd76e3175d,21260
data/raw/applications/bit_country.md,https://raw.githubusercontent.com/w3f/Grants-Program/master/applications/bit_country.md,2026-08-08T17:54:42.475921+00:00,160833f2e3500ebc5c9de7399ac88a9dbb201c5a9b84187a203441489d207743,17167
data/raw/applications/blackprint_js.md,https://raw.githubusercontent.com/w3f/Grants-Program/master/applications/blackprint-js.md,2026-08-08T17:54:42.475921+00:00,c6ac77267f9cb4c04ceac563a77e01f18ff44a8e91e4aa15029acabc49b30a8b,14676
data/raw/applications/calamar.md,https://raw.githubusercontent.com/w3f/Grants-Program/master/applications/Calamar.md,2026-08-08T17:54:42.475921+00:00,57c014f35e7fcf2476e868ed71484cfd70ed3fe7eda16886b12da2236e77fc15,15771
data/raw/deliveries/calamar-milestone_1.md,https://raw.githubusercontent.com/w3f/Grant-Milestone-Delivery/master/deliveries/calamar-milestone_1.md,2026-08-08T17:54:42.475921+00:00,dae1948bb83edad467ae23ca94c3457c8c0766bb37ec271b868e4ea913338b32,4049
data/raw/deliveries/calamar-milestone_2.md,https://raw.githubusercontent.com/w3f/Grant-Milestone-Delivery/master/deliveries/calamar-milestone_2.md,2026-08-08T17:54:42.475921+00:00,358492ff1fe19935c7cd038a0fa2f6cac400785b3a87489d12edcc772fc66eb8,4335
data/raw/deliveries/calamar-milestone_3.md,https://raw.githubusercontent.com/w3f/Grant-Milestone-Delivery/master/deliveries/calamar-milestone_3.md,2026-08-08T17:54:42.475921+00:00,cc4c21d9e051e7fe772dfbc42a29bf7a5282533af4a8a1d04a9881fad18f7800,3436
data/raw/applications/candle_auction_ink.md,https://raw.githubusercontent.com/w3f/Grants-Program/master/applications/candle_auction_ink.md,2026-08-08T17:54:42.475921+00:00,b1a1ea2779d50053938b5fd4b0f43474084df0a03f99751ea4efe85fa5039fdb,8959
data/raw/deliveries/candle_auction_ink-milestone_1.md,https://raw.githubusercontent.com/w3f/Grant-Milestone-Delivery/master/deliveries/candle_auction_ink-milestone_1.md,2026-08-08T17:54:42.475921+00:00,a989a7d4aea857f78fb7b56ca7137f88ead3fe3bbc26eba01314685b3a1ea1d1,4337
data/raw/deliveries/candle_auction_ink-milestone_2.md,https://raw.githubusercontent.com/w3f/Grant-Milestone-Delivery/master/deliveries/candle_auction_ink-milestone_2.md,2026-08-08T17:54:42.475921+00:00,475b7ade74bd1b6a27b6b82fd56991e3ef3658da757420482e0bd7326410afba,3974
data/raw/deliveries/candle_auction_ink-milestone_3.md,https://raw.githubusercontent.com/w3f/Grant-Milestone-Delivery/master/deliveries/candle_auction_ink-milestone_3.md,2026-08-08T17:54:42.475921+00:00,fbe7fe3cbe0f2a855efdaa7646f4bd8d21cff285f37cd08088e4aa78e84abc6f,3512
data/raw/applications/canyon_network_phrase.md,https://raw.githubusercontent.com/w3f/Grants-Program/master/applications/canyon_network.md,2026-08-08T17:54:42.475921+00:00,54034babbf5829724ea0d24740ff42df19e9246b217eb63b8bf7edae0c8fe0f8,10133
data/raw/applications/centrifuge-gsrpc-v2.md,https://raw.githubusercontent.com/w3f/Grants-Program/master/applications/centrifuge-gsrpc-v2.md,2026-08-08T17:54:42.475921+00:00,834e5d2ed12cb2ce0b313b1ba2b1c3dc927d2fc4f07c6abcaecf634147780bab,11821
data/raw/applications/Cere_Turnkey_Private_Blockchain_Network.md,https://raw.githubusercontent.com/w3f/Grants-Program/master/applications/Cere_Turnkey_Private_Blockchain_Network.md,2026-08-08T17:54:42.475921+00:00,7c64e48d7f49324a062b3cd808f2552b6c48f20c24350135572a592f390b7a42,10929
data/raw/applications/ces_data_store.md,https://raw.githubusercontent.com/w3f/Grants-Program/master/applications/ces_data_store.md,2026-08-08T17:54:42.475921+00:00,41cf838f703dd28c83efcefa58502aba4516d2cd9b55588d276e1575d9e6fd64,17002
data/raw/applications/CESS.md,https://raw.githubusercontent.com/w3f/Grants-Program/master/applications/CESS.md,2026-08-08T17:54:42.475921+00:00,ac82637f6817ceed929478feb3a58cb04b958520142874e9e8ec3997fcd3bfa7,14244
data/raw/applications/chainviz.md,https://raw.githubusercontent.com/w3f/Grants-Program/master/applications/chainviz.md,2026-08-08T17:54:42.475921+00:00,acd345e3eac541ee197b09bbde2fe418b99ca6a9d6ef78f70b7cf1c2bb229e8d,19204
data/raw/applications/choko-wallet.md,https://raw.githubusercontent.com/w3f/Grants-Program/master/applications/choko_wallet.md,2026-08-08T17:54:42.475921+00:00,71a780fe04b061c3a28c187d35f744c56bde6d18c4b7346e63ca826199471c2b,14857
data/raw/deliveries/choko-wallet-milestone_1.md,https://raw.githubusercontent.com/w3f/Grant-Milestone-Delivery/master/deliveries/choko-wallet-milestone_1.md,2026-08-08T17:54:42.475921+00:00,6c7194d349a9743f74efbe8bd0b8fb0fb38c61ec1db5a0da06b6c14f069bffa3,3622
data/raw/applications/CILA-omnichain-infrastructure.md,https://raw.githubusercontent.com/w3f/Grants-Program/master/applications/CILA-omnichain-infrastructure.md,2026-08-08T17:54:42.475921+00:00,74b987feda6fd95b4839b0118a4de0b9edfc59356a0d38316a68be5fd151efb4,37629
data/raw/applications/clover_january21.md,https://raw.githubusercontent.com/w3f/Grants-Program/master/applications/clover_network.md,2026-08-08T17:54:42.475921+00:00,915aa0aca59b03bf37054651aa5cae5cb283a525901444c03e0c205ed0155296,18169
data/raw/applications/CoinFabrik_On_Ink_Integration_Tests.md,https://raw.githubusercontent.com/w3f/Grants-Program/master/applications/CoinFabrik_On_Ink_Integration_Tests_2.md,2026-08-08T17:54:42.475921+00:00,483d04a6d847d43f9f704f817fcb69b244f06a60d90e3c6c432b81c4e2c6fd8b,18464
data/raw/applications/Contract_wizard.md,https://raw.githubusercontent.com/w3f/Grants-Program/master/applications/Contract_wizard.md,2026-08-08T17:54:42.475921+00:00,974fcb311f8752ac732044eb7114645b789e29361464b117024d483534aef56d,11932
data/raw/applications/CoongWallet.md,https://raw.githubusercontent.com/w3f/Grants-Program/master/applications/coong_wallet.md,2026-08-08T17:54:42.475921+00:00,16c446d081dd7c1696b737ce5a7fe74de8da29fa265d9516010156315277e21e,14369
data/raw/applications/CosmWasmVM_CoreProduct.md,https://raw.githubusercontent.com/w3f/Grants-Program/master/applications/CosmWasmVM-CoreProduct.md,2026-08-08T17:54:42.475921+00:00,a53530e0e3ef57d8a045fce9b0795e0250ee9455d3b21f14f159cf12ba5fdd3d,11198
data/raw/applications/c++polkadot-light-client.md,https://raw.githubusercontent.com/w3f/Grants-Program/master/applications/c++polkadot-light-client.md,2026-08-08T17:54:42.475921+00:00,dc9fc1b830950192309ee99824088259ed175640cd65589e44e8838e7eea5d13,5118
data/raw/applications/create-substrate-app.md,https://raw.githubusercontent.com/w3f/Grants-Program/master/applications/create-substrate-app.md,2026-08-08T17:54:42.475921+00:00,106ff8288e971546ab862b14cbcba625aad089d746cb3f2d4711723a26c8c60f,8130
data/raw/applications/crossbow.md,https://raw.githubusercontent.com/w3f/Grants-Program/master/applications/crossbow.md,2026-08-08T17:54:42.475921+00:00,af85ff25ba213e67536c38ecd576e065796e28500967b8eeab104c2500f3ff37,11203
data/raw/applications/cryptex.md,https://raw.githubusercontent.com/w3f/Grants-Program/master/applications/cryptex.md,2026-08-08T17:54:42.475921+00:00,06ae67467530579aba29c488a1fc3e8d9c7cb4ce131bd8e807b6bcd1fe9fe3df,29681
data/raw/applications/cScale.md,https://raw.githubusercontent.com/w3f/Grants-Program/master/applications/scale-codec-comparator.md,2026-08-08T17:54:42.475921+00:00,62d5d7b062a71509f5214714c9c19f50522f2b32dde65025d32702299a092d68,5358
data/raw/deliveries/cScale-milestone_1.md,https://raw.githubusercontent.com/w3f/Grant-Milestone-Delivery/master/deliveries/cScale-milestone_1.md,2026-08-08T17:54:42.475921+00:00,124904093ae5d4d82e335cca9f7705e2373eeaa502586a70a4eeb2f75e79d6c9,1629
data/raw/applications/curve_amm.md,https://raw.githubusercontent.com/w3f/Grants-Program/master/applications/curve_amm.md,2026-08-08T17:54:42.475921+00:00,be9d6e90b2280febe0be09853870413279894e0c9ab6ec181da7dc3d5eef085c,6755
data/raw/deliveries/curve_amm-milestone_1.md,https://raw.githubusercontent.com/w3f/Grant-Milestone-Delivery/master/deliveries/curve_amm-milestone_1.md,2026-08-08T17:54:42.475921+00:00,b505edf703b905763d845b11a7e9351d316ea06026644d2112b0e66591959b33,2473
data/raw/deliveries/curve_amm-milestone_2.md,https://raw.githubusercontent.com/w3f/Grant-Milestone-Delivery/master/deliveries/curve_amm-milestone_2.md,2026-08-08T17:54:42.475921+00:00,acf8b655f294a3804ed0593e70fea7fa9ca6f8162c89ced2977e10ba33414ba0,3617
data/raw/applications/cyborg.md,https://raw.githubusercontent.com/w3f/Grants-Program/master/applications/Cyborg.md,2026-08-08T17:54:42.475921+00:00,a3f34360ac4a68e7dd6ebbbe33c191cb3e7d6a01603cd0417114de899db6e3cf,17012
data/raw/applications/cyclops.md,https://raw.githubusercontent.com/w3f/Grants-Program/master/applications/cyclops.md,2026-08-08T17:54:42.475921+00:00,74a85cba9c7a70efd7ef17d4192114ba52b3edc71c59ac33f5e7376490321efe,14145
data/raw/applications/da_comparative_study.md,https://raw.githubusercontent.com/w3f/Grants-Program/master/applications/da_comparative_study.md,2026-08-08T17:54:42.475921+00:00,4277c3f6a302ddf381d2828f4f5407c88555af18fad9d15428692368f581b34b,82457
data/raw/applications/Dante_Network.md,https://raw.githubusercontent.com/w3f/Grants-Program/master/applications/Dante_Network.md,2026-08-08T17:54:42.475921+00:00,c76cade6351f81f12016d5ce94a3cbed743a77970a786871c5bf448980464d37,20153
data/raw/applications/dao-entrance-phase.md,https://raw.githubusercontent.com/w3f/Grants-Program/master/applications/dao-entrance-phase-1.md,2026-08-08T17:54:42.475921+00:00,34978045a0c978f3e95765bac75fdb5f08a7a7f6505166633441f5f9a2319ad8,13965
data/raw/applications/daos.md,https://raw.githubusercontent.com/w3f/Grants-Program/master/applications/daos.md,2026-08-08T17:54:42.475921+00:00,01659b7ce90e3a51b3cdb573a9a53a38deb791cf8e36e8ecd78d5fb20115a96b,12211
data/raw/deliveries/daos-milestone_1.md,https://raw.githubusercontent.com/w3f/Grant-Milestone-Delivery/master/deliveries/daos-milestone_1.md,2026-08-08T17:54:42.475921+00:00,d38c772da69f7558f852081a12bc839c4b805f8a6571e721963a1f6bb8b7f8aa,6568
data/raw/deliveries/daos-milestone_2.md,https://raw.githubusercontent.com/w3f/Grant-Milestone-Delivery/master/deliveries/daos-milestone_2.md,2026-08-08T17:54:42.475921+00:00,ecc25473f00cf93b11999aa0b3d7cb4ac613342985983386c108a16fd91030c7,5244
data/raw/applications/DAOsign.md,https://raw.githubusercontent.com/w3f/Grants-Program/master/applications/DAOsign.md,2026-08-08T17:54:42.475921+00:00,9de09fd790b9395804c151297ce97e93d117aba4b4be63a5f4243c3a639c0117,15492
data/raw/deliveries/DAOsign-milestone_1.md,https://raw.githubusercontent.com/w3f/Grant-Milestone-Delivery/master/deliveries/DAOsign-milestone_1.md,2026-08-08T17:54:42.475921+00:00,7ba9e734b3a8d029d9e971bb0b1bf77dcbb4eba79c7d0b893bb70cacdbaae8db,5024
data/raw/deliveries/DAOsign-milestone_2.md,https://raw.githubusercontent.com/w3f/Grant-Milestone-Delivery/master/deliveries/DAOsign-milestone_2.md,2026-08-08T17:54:42.475921+00:00,a91576de9da111f89bbc0eed7f83472dc685213a0963234fa11020cca26b6cbc,2539
data/raw/deliveries/DAOsign-milestone_3.md,https://raw.githubusercontent.com/w3f/Grant-Milestone-Delivery/master/deliveries/DAOsign-milestone_3.md,2026-08-08T17:54:42.475921+00:00,c60542119dd2fe6db344be54ab41313c87891b8775141bd08553ee51b397994a,1648
data/raw/applications/dapp_wallet_integration_native_mobile_libraries.md,https://raw.githubusercontent.com/w3f/Grants-Program/master/applications/dapp_wallet_integration_native_mobile_libraries.md,2026-08-08T17:54:42.475921+00:00,a951fd57da6c4326b49cb5ff4017c9f9aaaba8fb600a1f53a55ef268b11d07b1,19128
data/raw/deliveries/dapp_wallet_integration_native_mobile_libraries-milestone_1.md,https://raw.githubusercontent.com/w3f/Grant-Milestone-Delivery/master/deliveries/dapp_wallet_integration_native_mobile_libraries-milestone_1.md,2026-08-08T17:54:42.475921+00:00,294a8f442aad3a1ec78e476f8563e5a4e8f84852f93f8b5d3035a3e62393fe63,4123
data/raw/deliveries/dapp_wallet_integration_native_mobile_libraries-milestone_2.md,https://raw.githubusercontent.com/w3f/Grant-Milestone-Delivery/master/deliveries/dapp_wallet_integration_native_mobile_libraries-milestone_2.md,2026-08-08T17:54:42.475921+00:00,99ba597d67ef1362c6e3d01b292f3f735ec066b039f7383052ec01ba66974b19,3484
data/raw/deliveries/dapp_wallet_integration_native_mobile_libraries-milestone_3.md,https://raw.githubusercontent.com/w3f/Grant-Milestone-Delivery/master/deliveries/dapp_wallet_integration_native_mobile_libraries-milestone_3.md,2026-08-08T17:54:42.475921+00:00,02a6cec7a5eb12b2103b28f96b2351d0e2595264ea623b13c87a74958cebf1d0,4334
data/raw/deliveries/dapp_wallet_integration_native_mobile_libraries-milestone_4.md,https://raw.githubusercontent.com/w3f/Grant-Milestone-Delivery/master/deliveries/dapp_wallet_integration_native_mobile_libraries-milestone_4.md,2026-08-08T17:54:42.475921+00:00,3fe38ed9adbbe475a9bf5a7c1a24870298c4e90205d9e7dee291efa8d3b9b13d,3618
data/raw/applications/dart-scale-codec.md,https://raw.githubusercontent.com/w3f/Grants-Program/master/applications/Polkadot-Dart.md,2026-08-08T17:54:42.475921+00:00,288422da062926545a966c128fdb50db2b0b2ed061f936620ee6b760489f3cd2,11162
data/raw/applications/Datagen_Project.md,https://raw.githubusercontent.com/w3f/Grants-Program/master/applications/Datagen_Project.md,2026-08-08T17:54:42.475921+00:00,1537b618a189b93ee8cf34a33bdc9ad2d5f5d7247e3138b6c489266840255fbb,27707
data/raw/deliveries/Datagen_Project-milestone_1.md,https://raw.githubusercontent.com/w3f/Grant-Milestone-Delivery/master/deliveries/Datagen_Project-milestone_1.md,2026-08-08T17:54:42.475921+00:00,9633ce0f8f2507b374998c1058f5cb9e62ddc5bc548565432d9fe3fd7d9956bb,2011
data/raw/applications/data_platform_with_deep_indexed_data_and_staking_reports.md,https://raw.githubusercontent.com/w3f/Grants-Program/master/applications/data_platform_with_deep_indexed_data_and_staking_reports.md,2026-08-08T17:54:42.475921+00:00,b2e8b1cb3b0ee780f72dba3f013250ed0cfb4bad826fd47921e993cb888f47bd,14473
data/raw/deliveries/data_platform_with_deep_indexed_data_and_staking_reports-milestone_1.md,https://raw.githubusercontent.com/w3f/Grant-Milestone-Delivery/master/deliveries/data_platform_with_deep_indexed_data_and_staking_reports-milestone_1.md,2026-08-08T17:54:42.475921+00:00,4c650a3127eb7bcb830ac3e561f8debfc6853f5c67e775adadbc915cc93871fa,2930
data/raw/applications/datdot.md,https://raw.githubusercontent.com/w3f/Grants-Program/master/applications/project_aurras_mvp_phase_1.md,2026-08-08T17:54:42.475921+00:00,cc65b08810fb95b61b00cb7867d2622099e58f2fdccc1a2ed36c2c8030baafd0,18604
data/raw/applications/dauth_network.md,https://raw.githubusercontent.com/w3f/Grants-Program/master/applications/dauth_network.md,2026-08-08T17:54:42.475921+00:00,d5727d1971ada10e13ad49eb77d90eda916c6f7dc385e341e924f02700825ae8,11294
data/raw/applications/Decentralised_Security_Marketplace.md,https://raw.githubusercontent.com/w3f/Grants-Program/master/applications/Security_Marketplace.md,2026-08-08T17:54:42.475921+00:00,04fbe68da33ed582b240cc9ae1d8010173091d92f4200aa328113874d19b685f,20412
data/raw/applications/Decentralized_Threshold_Signing_Service.md,https://raw.githubusercontent.com/w3f/Grants-Program/master/applications/DecentralizedThresholdSigningService.md,2026-08-08T17:54:42.475921+00:00,5015a8718a5e3ec8337c2fae6c86d7da028f7181eed16d1c5ea44c38475d17b1,6928
data/raw/deliveries/Decentralized_Threshold_Signing_Service-milestone_1.md,https://raw.githubusercontent.com/w3f/Grant-Milestone-Delivery/master/deliveries/Decentralized_Threshold_Signing_Service-milestone_1.md,2026-08-08T17:54:42.475921+00:00,b0f599c5b8fc077cd1e0e1a3e1d0a5bccac93553e441aa4328034807e24f2f32,1266
data/raw/deliveries/Decentralized_Threshold_Signing_Service-milestone_2.md,https://raw.githubusercontent.com/w3f/Grant-Milestone-Delivery/master/deliveries/Decentralized_Threshold_Signing_Service-milestone_2.md,2026-08-08T17:54:42.475921+00:00,b2a69255da346b3ac5e2ad3f077548b12758902d22ea30dded102bc472da62bc,1300
data/raw/deliveries/Decentralized_Threshold_Signing_Service-milestone_3.md,https://raw.githubusercontent.com/w3f/Grant-Milestone-Delivery/master/deliveries/Decentralized_Threshold_Signing_Service-milestone_3.md,2026-08-08T17:54:42.475921+00:00,15d17a96d47d04435dcc4ee392fb26aed08831d3933fd7ef57b5e6c3e04160e8,1282
data/raw/applications/decentralml.md,https://raw.githubusercontent.com/w3f/Grants-Program/master/applications/decentral_ml.md,2026-08-08T17:54:42.475921+00:00,d1c3a51c762fda625c05590295c05dc78eb88012b8aee9917a75e4e0b45cd276,25312
data/raw/applications/deeper_network.md,https://raw.githubusercontent.com/w3f/Grants-Program/master/applications/deeper_network.md,2026-08-08T17:54:42.475921+00:00,ce3fd2ba96449fa525a1039ca936fd17d02470ae81690aca8be89d8e0e748707,21669
data/raw/applications/deip.md,https://raw.githubusercontent.com/w3f/Grants-Program/master/applications/deip.md,2026-08-08T17:54:42.475921+00:00,ac5bfdb40f2b5b0d7c1d3702c0449737c2ebcff79c94274d4af0544fd121c94f,11266
data/raw/applications/Deitos_Network.md,https://raw.githubusercontent.com/w3f/Grants-Program/master/applications/Deitos_Network.md,2026-08-08T17:54:42.475921+00:00,555b63a875c1ac0020388c5bf1d173902693370d3f68de1f296bc4aa1c59c2fe,27755
data/raw/applications/delightfuldot.md,https://raw.githubusercontent.com/w3f/Grants-Program/master/applications/delightfuldot.md,2026-08-08T17:54:42.475921+00:00,b771fbff74ba58d28b9c028cda53200e06cadf025db95f7d8185afc82b17164e,17830
data/raw/applications/delmonicos.md,https://raw.githubusercontent.com/w3f/Grants-Program/master/applications/delmonicos.md,2026-08-08T17:54:42.475921+00:00,8007b450ae6cd065cb4ac44553e6a2aeefd92a4395ef5c5c03f354aa363186f9,20646
data/raw/deliveries/delmonicos-milestone_1.md,https://raw.githubusercontent.com/w3f/Grant-Milestone-Delivery/master/deliveries/delmonicos-milestone_1.md,2026-08-08T17:54:42.475921+00:00,18bf200c839efcedb4dacc700b6ec5e60b9d1e95c1f4de0269970388cfbc0e15,3024
data/raw/deliveries/delmonicos-milestone_2.md,https://raw.githubusercontent.com/w3f/Grant-Milestone-Delivery/master/deliveries/delmonicos-milestone_2.md,2026-08-08T17:54:42.475921+00:00,c84dbbdba0b1179faa8cf74125e1d09e24d3b19fe180e0512a0e075061525a2e,3559
data/raw/deliveries/delmonicos-milestone_3.md,https://raw.githubusercontent.com/w3f/Grant-Milestone-Delivery/master/deliveries/delmonicos-milestone_3.md,2026-08-08T17:54:42.475921+00:00,36445f1dd7542350376f0775833e09490a0e5191d3e54ffb9b4ec602427c9f8a,3115
data/raw/applications/democratic-governance.md,https://raw.githubusercontent.com/w3f/Grants-Program/master/applications/democratic-governance-1.md,2026-08-08T17:54:42.475921+00:00,23eca75c5a9bd82b35c52e51695db9da6ff44cad3faa14f1370bfdd9fa7ab37b,9478
data/raw/applications/dipole-oracle-millestone.md,https://raw.githubusercontent.com/w3f/Grants-Program/master/applications/DipoleOracle.md,2026-08-08T17:54:42.475921+00:00,0b42ce28d2ea20658af97e001a43244edec63a9d8a3be7d74c8d7919a3c70e96,6254
data/raw/applications/distributed_cryptography_for_polkadot_wallets.md,https://raw.githubusercontent.com/w3f/Grants-Program/master/applications/distributed_cryptography_for_polkadot_wallets.md,2026-08-08T17:54:42.475921+00:00,0a75e62fee3dc1bdc21a188ce557478a9722b251345def478839bc0e76bf96fe,30450
data/raw/deliveries/distributed_cryptography_for_polkadot_wallets-milestone_1.md,https://raw.githubusercontent.com/w3f/Grant-Milestone-Delivery/master/deliveries/distributed_cryptography_for_polkadot_wallets-milestone_1.md,2026-08-08T17:54:42.475921+00:00,6cd0c152f5baeaa2470afb790c306ebbd4858a76556c43f2e425c13d669db191,2475
data/raw/applications/distributedKeyManagement.md,https://raw.githubusercontent.com/w3f/Grants-Program/master/applications/DistributedKeyManagement.md,2026-08-08T17:54:42.475921+00:00,4687d42cae354d1dd9eabe7f2416b103f915a86cc023113b23562161aae05659,13038
data/raw/deliveries/distributedKeyManagement-milestone_2.md,https://raw.githubusercontent.com/w3f/Grant-Milestone-Delivery/master/deliveries/distributedKeyManagement-milestone_2.md,2026-08-08T17:54:42.475921+00:00,15f6b220c782a3f70b42294e4d3b43c467bffd3b877a11378b0e78f2302cf26d,2485
data/raw/deliveries/DistrubutedKeyManagement-milestone_1.md,https://raw.githubusercontent.com/w3f/Grant-Milestone-Delivery/master/deliveries/DistrubutedKeyManagement-milestone_1.md,2026-08-08T17:54:42.475921+00:00,aef955c8914ede648b92290685ac0083d3c29902f57898c736c5ce20c05206f2,2062
data/raw/applications/DKSAP.md,https://raw.githubusercontent.com/w3f/Grants-Program/master/applications/DKSAP.md,2026-08-08T17:54:42.475921+00:00,ed0850f7ae11d4b71440a381ab29479140edf6f8c802787ad3e76ad9df01b0dd,7698
data/raw/applications/dora-factory-multisig.md,https://raw.githubusercontent.com/w3f/Grants-Program/master/applications/dora-factory-multisig.md,2026-08-08T17:54:42.475921+00:00,fee05e3f6cc3c0485f67b74df4c4c2f3899bcdfae80df52b8325bec36eab3a4a,4872
data/raw/deliveries/dora-factory-multisig-milestone_1.md,https://raw.githubusercontent.com/w3f/Grant-Milestone-Delivery/master/deliveries/dora-factory-multisig-milestone_1.md,2026-08-08T17:54:42.475921+00:00,01410fe8a3ef3e75632ed42e77c28ccc76788b5ac9a7145b3d937b1d07ca419e,1612
data/raw/deliveries/Doter-milestone_1.md,https://raw.githubusercontent.com/w3f/Grant-Milestone-Delivery/master/deliveries/Doter-milestone_1.md,2026-08-08T17:54:42.475921+00:00,0828d2fb5c7f38bdc469cf26c7f23f9845de2c7b60b6b14e058b8073d89e550a,1248
data/raw/deliveries/Doter-milestone_2.md,https://raw.githubusercontent.com/w3f/Grant-Milestone-Delivery/master/deliveries/Doter-milestone_2.md,2026-08-08T17:54:42.475921+00:00,089b683a24ce8ec4470c2c8c0d500b2b1ba8a97a998134231b16ae891887a8b7,1397
data/raw/applications/dotflow.md,https://raw.githubusercontent.com/w3f/Grants-Program/master/applications/Dotflow.md,2026-08-08T17:54:42.475921+00:00,9a96877545a9634309265f13eb9268704953a0570d0770690c88f2435f9ba598,16243
data/raw/applications/dot-login.md,https://raw.githubusercontent.com/w3f/Grants-Program/master/applications/dot-login.md,2026-08-08T17:54:42.475921+00:00,197873e257867db9efbc06001e95869a7cf19748f694aeb8a772e21e8a0e47ea,26217
data/raw/applications/dotly.md,https://raw.githubusercontent.com/w3f/Grants-Program/master/applications/dotly.md,2026-08-08T17:54:42.475921+00:00,7f88aaf6f92f1580f49ff31f2d22990e79c7ccbd3d976e50c3009cf88111853f,11789
data/raw/applications/dot_marketplace.md,https://raw.githubusercontent.com/w3f/Grants-Program/master/applications/dot_marketplace.md,2026-08-08T17:54:42.475921+00:00,10f0138641dcd4268fb3f3b94837c08129d2ccaab76637d4884748e27c69306a,13773
data/raw/deliveries/dot_marketplace-milestone_1.md,https://raw.githubusercontent.com/w3f/Grant-Milestone-Delivery/master/deliveries/dot_marketplace-milestone_1.md,2026-08-08T17:54:42.475921+00:00,4907081334488988b3c283d61681ceaaf340ef3df15249bd1c75a716e8df0853,2275
data/raw/deliveries/dot_marketplace-milestone_2.md,https://raw.githubusercontent.com/w3f/Grant-Milestone-Delivery/master/deliveries/dot_marketplace-milestone_2.md,2026-08-08T17:54:42.475921+00:00,3847123f11f9eaa0e69eacd645cc204dfc1d2680f47f703603bdcef8407f2d34,2772
data/raw/deliveries/dot_marketplace-milestone_3.md,https://raw.githubusercontent.com/w3f/Grant-Milestone-Delivery/master/deliveries/dot_marketplace-milestone_3.md,2026-08-08T17:54:42.475921+00:00,3d8a3c9647ff6af44d0d788a07fc9a1bdfe88f3777caecd138d8334c9c8403cb,3827
data/raw/applications/dot_marketplace-Phase3.md,https://raw.githubusercontent.com/w3f/Grants-Program/master/applications/dot_marketplace-Phase3.md,2026-08-08T17:54:42.475921+00:00,0340cbc3da7a99dcb336645cc53d44714cf7845cd8f681ec07ad91fac2b049a7,13337
data/raw/deliveries/dot_marketplace-Phase3-milestone_1.md,https://raw.githubusercontent.com/w3f/Grant-Milestone-Delivery/master/deliveries/dot_marketplace-Phase3-milestone_1.md,2026-08-08T17:54:42.475921+00:00,024e75c451e8683dc1983504227fb93caa7eff7e4d0321157aee2c6e99b7722c,2588
data/raw/deliveries/dot_marketplace-Phase3-milestone_2.md,https://raw.githubusercontent.com/w3f/Grant-Milestone-Delivery/master/deliveries/dot_marketplace-Phase3-milestone_2.md,2026-08-08T17:54:42.475921+00:00,6cb39096ff25d8dbdbd08a7d15ec9c8abbd27b855b84201ed1ed10afd4ebb4e5,3431
data/raw/deliveries/dot_marketplace-Phase3-milestone_3.md,https://raw.githubusercontent.com/w3f/Grant-Milestone-Delivery/master/deliveries/dot_marketplace-Phase3-milestone_3.md,2026-08-08T17:54:42.475921+00:00,947008c84576a4acf5d4b43beba07749a7eca0a32c7eec445ad71169e9696d2e,2805
data/raw/applications/dot_marketplace_v2.md,https://raw.githubusercontent.com/w3f/Grants-Program/master/applications/dot_marketplace-Phase3.md,2026-08-08T17:54:42.475921+00:00,0340cbc3da7a99dcb336645cc53d44714cf7845cd8f681ec07ad91fac2b049a7,13337
data/raw/deliveries/dot_marketplace_v2-milestone_1.md,https://raw.githubusercontent.com/w3f/Grant-Milestone-Delivery/master/deliveries/dot_marketplace_v2-milestone_1.md,2026-08-08T17:54:42.475921+00:00,5154f2f0e4598f5a8680c1cec273170b00bd88493c73411b5dbfc3b8ea470db4,2804
data/raw/deliveries/dot_marketplace_v2-milestone_2.md,https://raw.githubusercontent.com/w3f/Grant-Milestone-Delivery/master/deliveries/dot_marketplace_v2-milestone_2.md,2026-08-08T17:54:42.475921+00:00,609e4dd0204cf351e3ac58c0bebe7e65ea34127b36e0fb6a4bfa88de583210a1,4576
data/raw/applications/dotmog.md,https://raw.githubusercontent.com/w3f/Grants-Program/master/applications/ajuna_network_follow_up.md,2026-08-08T17:54:42.475921+00:00,e8521f8a9f05457fb77316286ec565bb011488708e95e3c032a0b211f445b82c,21616
data/raw/applications/dotnix.md,https://raw.githubusercontent.com/w3f/Grants-Program/master/applications/dotnix-follow-up.md,2026-08-08T17:54:42.475921+00:00,e954904b64f94fd8612e404cae61348e5f9b6ae669c6209c050638f0d685da73,15905
data/raw/deliveries/dotnix-milestone_1.md,https://raw.githubusercontent.com/w3f/Grant-Milestone-Delivery/master/deliveries/dotnix-milestone_1.md,2026-08-08T17:54:42.475921+00:00,1a6333feaac9361060a7a9b5e1789592c50518ebbcd7e34f1fc79b71e6afda2d,1746
data/raw/deliveries/dotnix-milestone_2.md,https://raw.githubusercontent.com/w3f/Grant-Milestone-Delivery/master/deliveries/dotnix-milestone_2.md,2026-08-08T17:54:42.475921+00:00,129a29a6eada5cf70c20237b6f0acf375a24379cbff3abbb425010d46c375671,1394
data/raw/applications/dotnix_followup.md,https://raw.githubusercontent.com/w3f/Grants-Program/master/applications/dotnix-follow-up.md,2026-08-08T17:54:42.475921+00:00,e954904b64f94fd8612e404cae61348e5f9b6ae669c6209c050638f0d685da73,15905
data/raw/applications/DotPay.md,https://raw.githubusercontent.com/w3f/Grants-Program/master/applications/DotPay.md,2026-08-08T17:54:42.475921+00:00,4ac2f08a8b6eeda3c20ba28d6c7986bac30027119ffdcc718f24548b109feb5b,13272
data/raw/deliveries/DotPay-milestone_1.md,https://raw.githubusercontent.com/w3f/Grant-Milestone-Delivery/master/deliveries/DotPay-milestone_1.md,2026-08-08T17:54:42.475921+00:00,62027abf785934c565a4eb72d247f3066adf66ce59b9daeb1cb8aa89bdf2ecde,3203
data/raw/deliveries/DotPay-milestone_2.md,https://raw.githubusercontent.com/w3f/Grant-Milestone-Delivery/master/deliveries/DotPay-milestone_2.md,2026-08-08T17:54:42.475921+00:00,9f9685cb112ed6ed5e2d3b7c734c3fc83f16a12dc6b02773732502ea825cce32,2963
data/raw/applications/dotpulse.md,https://raw.githubusercontent.com/w3f/Grants-Program/master/applications/DotPulse.md,2026-08-08T17:54:42.475921+00:00,aa674358961521ccd20bc74f868367b80c08051a232ce21794072cba8e927663,11083
data/raw/deliveries/dotpulse-milestone_1.md,https://raw.githubusercontent.com/w3f/Grant-Milestone-Delivery/master/deliveries/dotpulse-milestone_1.md,2026-08-08T17:54:42.475921+00:00,4a72334b1a119c28b0411c711370d34e029830f5f83e3c7acf634a07cde6fb3d,4942
data/raw/deliveries/dotpulse-milestone_2.md,https://raw.githubusercontent.com/w3f/Grant-Milestone-Delivery/master/deliveries/dotpulse-milestone_2.md,2026-08-08T17:54:42.475921+00:00,4b215578f409ea50f64b2fd98cff34072ca629b146258e4628afdf8bae07c02d,5729
data/raw/applications/eightfish.md,https://raw.githubusercontent.com/w3f/Grants-Program/master/applications/eightfish.md,2026-08-08T17:54:42.475921+00:00,d1839b45410b720ae0b5830bdc4d575b9ee9f46d0ac44036ddff29c610ef37a3,22754
data/raw/applications/ElasticLabs_PolakdotAgentKit.md,https://raw.githubusercontent.com/w3f/Grants-Program/master/applications/polkadot_agent_kit.md,2026-08-08T17:54:42.475921+00:00,cae99e24956f7b0f05ca2bd007aa2c4f0e317c81d06f67c58a58dbefffca9f82,19971
data/raw/applications/eliza-plugin-dot.md,https://raw.githubusercontent.com/w3f/Grants-Program/master/applications/eliza-plugin-dot.md,2026-08-08T17:54:42.475921+00:00,1aea55a01227e511a3081c76d2a57c5c35cbc5e2a1c587662968ed3970169d7a,8682
data/raw/applications/ElizaPolkadotPlugin.md,https://raw.githubusercontent.com/w3f/Grants-Program/master/applications/eliza-plugin-dot.md,2026-08-08T17:54:42.475921+00:00,1aea55a01227e511a3081c76d2a57c5c35cbc5e2a1c587662968ed3970169d7a,8682
data/raw/deliveries/ElizaPolkadotPlugin-milestone_2.md,https://raw.githubusercontent.com/w3f/Grant-Milestone-Delivery/master/deliveries/ElizaPolkadotPlugin-milestone_2.md,2026-08-08T17:54:42.475921+00:00,893adc52661ff4494d53f6043b708ce9101e63b3bfa1b4549bc019cf06264684,3988
data/raw/applications/epirus_substrate_explorer.md,https://raw.githubusercontent.com/w3f/Grants-Program/master/applications/epirus_substrate_phase_2.md,2026-08-08T17:54:42.475921+00:00,a48346ba0aac2cd65fca041f1a449f04e87c2da884c61ba198c96c94570f4d09,13656
data/raw/deliveries/epirus_substrate_explorer-milestone_1.md,https://raw.githubusercontent.com/w3f/Grant-Milestone-Delivery/master/deliveries/epirus_substrate_explorer-milestone_1.md,2026-08-08T17:54:42.475921+00:00,134c2d7644d0b13795b3effb1c9fb02c62825842f414494728432ca1f5d5ca85,2622
data/raw/applications/epirus_substrate_explorer-phase2.md,https://raw.githubusercontent.com/w3f/Grants-Program/master/applications/epirus_substrate_phase_2.md,2026-08-08T17:54:42.475921+00:00,a48346ba0aac2cd65fca041f1a449f04e87c2da884c61ba198c96c94570f4d09,13656
data/raw/applications/epirus_substrate-phase2.md,https://raw.githubusercontent.com/w3f/Grants-Program/master/applications/epirus_substrate_phase_2.md,2026-08-08T17:54:42.475921+00:00,a48346ba0aac2cd65fca041f1a449f04e87c2da884c61ba198c96c94570f4d09,13656
data/raw/applications/escrow.md,https://raw.githubusercontent.com/w3f/Grants-Program/master/applications/decentralized_invoice.md,2026-08-08T17:54:42.475921+00:00,6fcd3349d27fe0a8c1e8487ff688c7baf34c0b6f4745a5174a882be958846811,9479
data/raw/deliveries/escrow-milestone_1.md,https://raw.githubusercontent.com/w3f/Grant-Milestone-Delivery/master/deliveries/escrow-milestone_1.md,2026-08-08T17:54:42.475921+00:00,187468525a070a108b0a183125f671cdc9f3405933cf88858e549e3c5ae3ef7d,1788
data/raw/applications/Evanesco_Network.md,https://raw.githubusercontent.com/w3f/Grants-Program/master/applications/evanesco_networks.md,2026-08-08T17:54:42.475921+00:00,face348cefdc910e181c1acf5e35100b0802c6abf259220d4c3754ae65a23dfa,10507
data/raw/applications/Faceless.md,https://raw.githubusercontent.com/w3f/Grants-Program/master/applications/faceless.md,2026-08-08T17:54:42.475921+00:00,390fec671f10c4d79345ac3b9ad8be524fefd583b74b1e58f1026333454ceb0b,36900
data/raw/applications/faceless_delivery.md,https://raw.githubusercontent.com/w3f/Grants-Program/master/applications/faceless.md,2026-08-08T17:54:42.475921+00:00,390fec671f10c4d79345ac3b9ad8be524fefd583b74b1e58f1026333454ceb0b,36900
data/raw/applications/fair_squares.md,https://raw.githubusercontent.com/w3f/Grants-Program/master/applications/Dotflow.md,2026-08-08T17:54:42.475921+00:00,9a96877545a9634309265f13eb9268704953a0570d0770690c88f2435f9ba598,16243
data/raw/applications/faterium.md,https://raw.githubusercontent.com/w3f/Grants-Program/master/applications/faterium.md,2026-08-08T17:54:42.475921+00:00,f2d8f7e4b77ad47a628171ad155090e9c4bc2bf88b98ab894e7a10b2af8a37fd,17558
data/raw/applications/Faucet.md,https://raw.githubusercontent.com/w3f/Grants-Program/master/applications/Faucet.md,2026-08-08T17:54:42.475921+00:00,0da69a8d6def16c74dc48b06649d49227a31841211ff1877687759ac707d76c6,4861
data/raw/applications/faucet-bot.md,https://raw.githubusercontent.com/w3f/Grants-Program/master/applications/faucet-bot.md,2026-08-08T17:54:42.475921+00:00,b4f8001ca46fb4d020b58b9c953a58295b60c48e9646f12ee0c78f8aae9bf990,6727
data/raw/applications/fennel-protocol.md,https://raw.githubusercontent.com/w3f/Grants-Program/master/applications/Fennel_Protocol.md,2026-08-08T17:54:42.475921+00:00,16c618a14b9ba623907614e4a03250d8b563dd1d150596931a2865c40b795c06,21120
data/raw/applications/FIAT-on-off-ramp.md,https://raw.githubusercontent.com/w3f/Grants-Program/master/applications/hyperfridge.md,2026-08-08T17:54:42.475921+00:00,0476e85334bb4eb1023510c6b86c9742811b17e3aa7d0f54c3932f935bb5619f,34778
data/raw/applications/fidi-dotsight.md,https://raw.githubusercontent.com/w3f/Grants-Program/master/applications/fidi-dotsight-analytics.md,2026-08-08T17:54:42.475921+00:00,587c27069a993195af741d1b1a151f36d7f1b0d8c0576e203ed59125bb175230,27819
data/raw/applications/fractapp.md,https://raw.githubusercontent.com/w3f/Grants-Program/master/applications/fractapp.md,2026-08-08T17:54:42.475921+00:00,e89cfd52c85e2494084ed9accde06c7a5450c29eb0a45555aa8280d57a615b63,7147
data/raw/applications/FuturProtocol.md,https://raw.githubusercontent.com/w3f/Grants-Program/master/applications/FuturFusion.md,2026-08-08T17:54:42.475921+00:00,d7dbb4a020a7ef4d7e3b742f667eb89e1347015a135027c695b1713db0d8a4d8,13606
data/raw/applications/Gafi.md,https://raw.githubusercontent.com/w3f/Grants-Program/master/applications/Gafi.md,2026-08-08T17:54:42.475921+00:00,1041c0dffa0afdf1073195bde06139afbb6e15dbc995541e15dd556be0ce80ac,15262
data/raw/deliveries/Gafi-milestone_1.md,https://raw.githubusercontent.com/w3f/Grant-Milestone-Delivery/master/deliveries/Gafi-milestone_1.md,2026-08-08T17:54:42.475921+00:00,604960af682ebe8ff2112ef5988973881a7113a9fc5b024b151851e353912aa7,3002
data/raw/deliveries/Gafi-milestone_2.md,https://raw.githubusercontent.com/w3f/Grant-Milestone-Delivery/master/deliveries/Gafi-milestone_2.md,2026-08-08T17:54:42.475921+00:00,82fe10b032bfaf1a6804875d412792f491a05c6efcda82b0914f17c64841157c,2724
data/raw/deliveries/Gafi-milestone_3.md,https://raw.githubusercontent.com/w3f/Grant-Milestone-Delivery/master/deliveries/Gafi-milestone_3.md,2026-08-08T17:54:42.475921+00:00,2f1bb70a2569300b519ed4805c25fb57e8041bb449c9aa34c9fe8ddf1c221bbf,2955
data/raw/applications/galaxy.md,https://raw.githubusercontent.com/w3f/Grants-Program/master/applications/galaxy.md,2026-08-08T17:54:42.475921+00:00,030283c12e5b278acfe131c1faa092806a82a22d183ec937b76fbd35c45babfb,10935
data/raw/applications/GenesisDAO.md,https://raw.githubusercontent.com/w3f/Grants-Program/master/applications/Stylograph.md,2026-08-08T17:54:42.475921+00:00,364f1ca701d7f0107ad4ceea2b72ceb9e259e09d800ac07ac0c34d6c7912c767,15454
data/raw/applications/gluon.md,https://raw.githubusercontent.com/w3f/Grants-Program/master/applications/Gluon_decentralized_hardware_crypto_wallet_services.md,2026-08-08T17:54:42.475921+00:00,2b7d841f35c3be336a97f242a99f97136c3595c81f76e7f2085ce89e74b47aad,29671
data/raw/deliveries/gluon-milestone_1.md,https://raw.githubusercontent.com/w3f/Grant-Milestone-Delivery/master/deliveries/gluon-milestone_1.md,2026-08-08T17:54:42.475921+00:00,cdc88c61dc9e75f7ef76b037ce6a7a2fa32391c2b4823d0f72f57c307fe5fafc,3724
data/raw/deliveries/gluon-milestone_2.md,https://raw.githubusercontent.com/w3f/Grant-Milestone-Delivery/master/deliveries/gluon-milestone_2.md,2026-08-08T17:54:42.475921+00:00,b312d8a037320a47b41934c807fadbf52422e92ade197c23938ab1b6ace3f59e,4037
data/raw/applications/grant_management_webapp.md,https://raw.githubusercontent.com/w3f/Grants-Program/master/applications/Grant_management_webapp.md,2026-08-08T17:54:42.475921+00:00,829dac2358d5e00be56c94e8da7246c84b8a5ef9136a583347c6d5d4df4b9e1b,9804
data/raw/applications/grantmaster.md,https://raw.githubusercontent.com/w3f/Grants-Program/master/applications/grantmaster.md,2026-08-08T17:54:42.475921+00:00,a9f189e5e7bc9d99bb1ea81e6db80bee679ab589da57fc511548037a0e24cd24,13524
data/raw/applications/GreenLemon.md,https://raw.githubusercontent.com/w3f/Grants-Program/master/applications/GreenLemon.md,2026-08-08T17:54:42.475921+00:00,4d1527a3c556fad009863761ca4960143f93b8348ea6d619dc9bb09a52b7f351,10970
data/raw/applications/halva_bootstrapping.md,https://raw.githubusercontent.com/w3f/Grants-Program/master/applications/halva_bootstrapping.md,2026-08-08T17:54:42.475921+00:00,e5f9990c5e5f8fc5d0269ead64e26b19a3712c85d9d0d6ddc50c8cef32105608,2249
data/raw/applications/halva-framework.md,https://raw.githubusercontent.com/w3f/Grants-Program/master/applications/halva_bootstrapping.md,2026-08-08T17:54:42.475921+00:00,e5f9990c5e5f8fc5d0269ead64e26b19a3712c85d9d0d6ddc50c8cef32105608,2249
data/raw/applications/hamster-millestone.md,https://raw.githubusercontent.com/w3f/Grants-Program/master/applications/hamster.md,2026-08-08T17:54:42.475921+00:00,7afeae41a6b32d16deeef2a0c0e20e4bdf97d35dadbb9e610865c85e534ab8f4,17618
data/raw/applications/hex-space-social-graph.md,https://raw.githubusercontent.com/w3f/Grants-Program/master/applications/hex.md,2026-08-08T17:54:42.475921+00:00,d8fd8256a825e18aaae42ba9d9f2bddb549a65d14e75b57b421139b2b32429b7,6988
data/raw/applications/High-availability validator setup.md,https://raw.githubusercontent.com/w3f/Grants-Program/master/applications/High_availability_validator_setup.md,2026-08-08T17:54:42.475921+00:00,f3fa470d43842c9bf730d16c3b75e1c817b612fb3033320e3fa6a2aa234e5e49,11437
data/raw/applications/hs-web3.md,https://raw.githubusercontent.com/w3f/Grants-Program/master/applications/hs-web3.md,2026-08-08T17:54:42.475921+00:00,6cee88c3ecc9d3c5259481c73a42aac62470fc578724d84c855436f895d29be4,5056
data/raw/applications/hybrid.md,https://raw.githubusercontent.com/w3f/Grants-Program/master/applications/hybrid2.md,2026-08-08T17:54:42.475921+00:00,45f3bcb8a7d9482013a8c853c007fc485b71d192f9e194f9de52daaae1a4bd1c,10947
data/raw/applications/hybrid2.md,https://raw.githubusercontent.com/w3f/Grants-Program/master/applications/hybrid2.md,2026-08-08T17:54:42.475921+00:00,45f3bcb8a7d9482013a8c853c007fc485b71d192f9e194f9de52daaae1a4bd1c,10947
data/raw/applications/hybrid-node-research.md,https://raw.githubusercontent.com/w3f/Grants-Program/master/applications/hybrid_node_research.md,2026-08-08T17:54:42.475921+00:00,654007d77b9d5acb9960cd3db738d5f5abcbe2667c6aab738ba9a2a1af7b3e3b,7439
data/raw/applications/hyperfridge.md,https://raw.githubusercontent.com/w3f/Grants-Program/master/applications/hyperfridge.md,2026-08-08T17:54:42.475921+00:00,0476e85334bb4eb1023510c6b86c9742811b17e3aa7d0f54c3932f935bb5619f,34778
data/raw/deliveries/idavoll_network-milestone_1.md,https://raw.githubusercontent.com/w3f/Grant-Milestone-Delivery/master/deliveries/idavoll_network-milestone_1.md,2026-08-08T17:54:42.475921+00:00,5cd7a1049a9a01fef3392efa5776030c1203583ab9ec0ad1e1fd5ea81eafa27d,1612
data/raw/applications/identics_identity_indexer.md,https://raw.githubusercontent.com/w3f/Grants-Program/master/applications/multichain_identity_indexer.md,2026-08-08T17:54:42.475921+00:00,06fd6750a92f764233bf1dd1a6bc7d8ef138425defafcf7993315c85f5f7232d,21398
data/raw/applications/identity_directory.md,https://raw.githubusercontent.com/w3f/Grants-Program/master/applications/substrate-identity-directory.md,2026-08-08T17:54:42.475921+00:00,8fbe793a3631ce3e179ab1542ce8198a025be360c508768e6bdab1f20e604349,7541
data/raw/deliveries/identity_directory-milestone_1.md,https://raw.githubusercontent.com/w3f/Grant-Milestone-Delivery/master/deliveries/identity_directory-milestone_1.md,2026-08-08T17:54:42.475921+00:00,e904d9e1a958cc4918cffb4352b58764f6f399bad032cc1dfeb2f93e6e99efa7,2909
data/raw/deliveries/identity_directory-milestone_2.md,https://raw.githubusercontent.com/w3f/Grant-Milestone-Delivery/master/deliveries/identity_directory-milestone_2.md,2026-08-08T17:54:42.475921+00:00,371def2b7daed606ae44e8afa4c039057a79447cbd074ef9cd3e105babe2d9a9,1246
data/raw/applications/imbue_network.md,https://raw.githubusercontent.com/w3f/Grants-Program/master/applications/infimum.md,2026-08-08T17:54:42.475921+00:00,a61cd2e2be0d97f25a71bcf07d184972727a79d4664b049d56cca6a9501c0e9d,16520
data/raw/applications/infimum.md,https://raw.githubusercontent.com/w3f/Grants-Program/master/applications/infimum.md,2026-08-08T17:54:42.475921+00:00,a61cd2e2be0d97f25a71bcf07d184972727a79d4664b049d56cca6a9501c0e9d,16520
data/raw/deliveries/infimum-milestone_1.md,https://raw.githubusercontent.com/w3f/Grant-Milestone-Delivery/master/deliveries/infimum-milestone_1.md,2026-08-08T17:54:42.475921+00:00,a8c8d82cf6d2172a4c965308fec6b2f0e3f72c4a95b6b7651812209a73fb7767,3467
data/raw/deliveries/infimum-milestone_2.md,https://raw.githubusercontent.com/w3f/Grant-Milestone-Delivery/master/deliveries/infimum-milestone_2.md,2026-08-08T17:54:42.475921+00:00,5d223df14bcb1bbcd5247e5c738472582861e7789781b91f8c4776a7a761c7a3,4193
data/raw/applications/ink-analyzer.md,https://raw.githubusercontent.com/w3f/Grants-Program/master/applications/ink-analyzer-phase-2.md,2026-08-08T17:54:42.475921+00:00,af46b4485d0e540b5d17092abf90dbddaab8d23532b529125eca1ad0608d5dd3,96671
data/raw/applications/ink-analyzer-phase.md,https://raw.githubusercontent.com/w3f/Grants-Program/master/applications/ink-analyzer-phase-2.md,2026-08-08T17:54:42.475921+00:00,af46b4485d0e540b5d17092abf90dbddaab8d23532b529125eca1ad0608d5dd3,96671
data/raw/applications/ink-boxes.md,https://raw.githubusercontent.com/w3f/Grants-Program/master/applications/ink-boxes.md,2026-08-08T17:54:42.475921+00:00,b4a5ae4d1d92efe664ca920a27ff05ddc2b6298f7bb2612372034451d527740d,4123
data/raw/applications/ink-explorer.md,https://raw.githubusercontent.com/w3f/Grants-Program/master/applications/cross-chain-wallet.md,2026-08-08T17:54:42.475921+00:00,6b04d9e68aa3099da4afeaee51b0024e45247645c06144d790532e687c896821,14711
data/raw/applications/ink-pallet-benchmarking.md,https://raw.githubusercontent.com/w3f/Grants-Program/master/applications/ink-pallet-benchmarking.md,2026-08-08T17:54:42.475921+00:00,b3cd19d1914f0a9571613b74d9ffe5350a5dbcf7290a9b344d5cbb98d039ef33,6302
data/raw/deliveries/ink-pallet-benchmarking-milestone_1.md,https://raw.githubusercontent.com/w3f/Grant-Milestone-Delivery/master/deliveries/ink-pallet-benchmarking-milestone_1.md,2026-08-08T17:54:42.475921+00:00,3c2e732c5d16593d4603099cb5c46064075eb0cbef05dc54e5b1a9fed3d23c8a,4124
data/raw/deliveries/ink-pallet-benchmarking-milestone_2.md,https://raw.githubusercontent.com/w3f/Grant-Milestone-Delivery/master/deliveries/ink-pallet-benchmarking-milestone_2.md,2026-08-08T17:54:42.475921+00:00,b7292683973364cb6aa5084f7221c1093a6a092dbed65ef9d6e13eefd2e43205,3345
data/raw/deliveries/ink-pallet-benchmarking-milestone_3.md,https://raw.githubusercontent.com/w3f/Grant-Milestone-Delivery/master/deliveries/ink-pallet-benchmarking-milestone_3.md,2026-08-08T17:54:42.475921+00:00,de16dd3632d1ebd34c105ccc09f26a830748164c38a50d1188e7a6e3fa3d5a41,5353
data/raw/applications/ink-playground.md,https://raw.githubusercontent.com/w3f/Grants-Program/master/applications/ink-playground-ide-improvements.md,2026-08-08T17:54:42.475921+00:00,31635a411786adf1cdd0474cfcb9ed9fc48be626b1a6a59f59bad1131a8c5352,8572
data/raw/applications/inkscope-fuzzer.md,https://raw.githubusercontent.com/w3f/Grants-Program/master/applications/inkscope-fuzzer.md,2026-08-08T17:54:42.475921+00:00,d2ccf1629d1f063497ba2b2fb2abf64f5c0bc528b26b45ee4e4625aa246adf53,12617
data/raw/applications/ink-smart-contract-wizard.md,https://raw.githubusercontent.com/w3f/Grants-Program/master/applications/polkasearch.md,2026-08-08T17:54:42.475921+00:00,a8aef3eeb998efeb3db2ecd98fd458b75b344461472e2d39c33fe3b7cc08af28,11827
data/raw/applications/Interstellar-Network.md,https://raw.githubusercontent.com/w3f/Grants-Program/master/applications/Interstellar-Network.md,2026-08-08T17:54:42.475921+00:00,4944b7cae9b2a3084686d24033a147e2d5d8e46c2825319ea0eae1a0569f3214,22013
data/raw/deliveries/Interstellar-Network-milestone_4.md,https://raw.githubusercontent.com/w3f/Grant-Milestone-Delivery/master/deliveries/Interstellar-Network-milestone_4.md,2026-08-08T17:54:42.475921+00:00,7721378055821b93eecdc09e8bc66a5e124e808f0c6c84dacc07c1a54d91c1e6,3335
data/raw/deliveries/Interstellar-Network-milestone_5.md,https://raw.githubusercontent.com/w3f/Grant-Milestone-Delivery/master/deliveries/Interstellar-Network-milestone_5.md,2026-08-08T17:54:42.475921+00:00,9884bc1e4348eea139595fc7d63ce9cf0d204eae61d15dcfaf051ae336681c49,3826
data/raw/applications/Interstellar-Network-WP2.md,https://raw.githubusercontent.com/w3f/Grants-Program/master/applications/Interstellar-Network.md,2026-08-08T17:54:42.475921+00:00,4944b7cae9b2a3084686d24033a147e2d5d8e46c2825319ea0eae1a0569f3214,22013
data/raw/applications/InvArch.md,https://raw.githubusercontent.com/w3f/Grants-Program/master/applications/InvArch.md,2026-08-08T17:54:42.475921+00:00,777ba5ea672fe6e3e479483b437aa43d44d1c8196453503dfbfc69e2e9d5b258,16412
data/raw/applications/invoice.md,https://raw.githubusercontent.com/w3f/Grants-Program/master/applications/decentralized_invoice.md,2026-08-08T17:54:42.475921+00:00,6fcd3349d27fe0a8c1e8487ff688c7baf34c0b6f4745a5174a882be958846811,9479
data/raw/deliveries/invoice-milestone_1.md,https://raw.githubusercontent.com/w3f/Grant-Milestone-Delivery/master/deliveries/invoice-milestone_1.md,2026-08-08T17:54:42.475921+00:00,3bf403bacbdc0341166ba0d0bdd4488001962e3bed67feddd1bc5bb182de830c,2736
data/raw/deliveries/invoice-milestone_2.md,https://raw.githubusercontent.com/w3f/Grant-Milestone-Delivery/master/deliveries/invoice-milestone_2.md,2026-08-08T17:54:42.475921+00:00,90fddc1cb88663a17397229869e76dfa457b907f58784e4f8d33a79f220ef4da,2747
data/raw/deliveries/invoice-milestone_3.md,https://raw.githubusercontent.com/w3f/Grant-Milestone-Delivery/master/deliveries/invoice-milestone_3.md,2026-08-08T17:54:42.475921+00:00,cac2bc94a1df7028eb62048d85f664b0d41f3bec1ffe11f168bfbaaaa6224dcd,2737
data/raw/applications/ipfs_utilities.md,https://raw.githubusercontent.com/w3f/Grants-Program/master/applications/ipfs_utilities.md,2026-08-08T17:54:42.475921+00:00,32bb9265306010e80d954f5bb349f3c77a343dcd3df9c6dea39dcab8c1691e16,11231
data/raw/deliveries/ipfs_utilities-milestone_1.md,https://raw.githubusercontent.com/w3f/Grant-Milestone-Delivery/master/deliveries/ipfs_utilities-milestone_1.md,2026-08-08T17:54:42.475921+00:00,d5ea6e97802cd6874c86e11d7ba5cc278e8ac1003a497ce3ad7a12824756dbc1,4269
data/raw/deliveries/ipfs_utilities-milestone_2.md,https://raw.githubusercontent.com/w3f/Grant-Milestone-Delivery/master/deliveries/ipfs_utilities-milestone_2.md,2026-08-08T17:54:42.475921+00:00,c006ea09765a6506b39d2206f631048c2acf244072fa616ae35663b154405ebc,6831
data/raw/applications/iris.md,https://raw.githubusercontent.com/w3f/Grants-Program/master/applications/iris.md,2026-08-08T17:54:42.475921+00:00,677deef6280bc3c6ceab9b41467fba9bf7bc8a44be33c8d39b442e05613d470e,28311
data/raw/applications/iris_followup.md,https://raw.githubusercontent.com/w3f/Grants-Program/master/applications/iris_followup.md,2026-08-08T17:54:42.475921+00:00,433a8c6acffc80324cd4226d132413e612acddf163ad13c3b82728ba2293f671,41475
data/raw/applications/iris_milestone-delivery.md,https://raw.githubusercontent.com/w3f/Grants-Program/master/applications/iris.md,2026-08-08T17:54:42.475921+00:00,677deef6280bc3c6ceab9b41467fba9bf7bc8a44be33c8d39b442e05613d470e,28311
data/raw/applications/ismp-milestone-delivery.md,https://raw.githubusercontent.com/w3f/Grants-Program/master/applications/polkadot_agent_kit.md,2026-08-08T17:54:42.475921+00:00,cae99e24956f7b0f05ca2bd007aa2c4f0e317c81d06f67c58a58dbefffca9f82,19971
data/raw/applications/ISO8583.md,https://raw.githubusercontent.com/w3f/Grants-Program/master/applications/ISO-8583-implementation.md,2026-08-08T17:54:42.475921+00:00,0820d0ab45f99a0d79366673472a67ba48f1ccacd8fe848ab4b2a8f73ae5826e,13283
data/raw/applications/iso_8583_PoC.md,https://raw.githubusercontent.com/w3f/Grants-Program/master/applications/ISO-8583-implementation.md,2026-08-08T17:54:42.475921+00:00,0820d0ab45f99a0d79366673472a67ba48f1ccacd8fe848ab4b2a8f73ae5826e,13283
data/raw/applications/Iunokit.md,https://raw.githubusercontent.com/w3f/Grants-Program/master/applications/LunoKit.md,2026-08-08T17:54:42.475921+00:00,3385d9e050a8b345c0183a4040bd09a2cbec50cc9f2e70ec35cf245d00ea8d53,17018
data/raw/deliveries/Iunokit-milestone_2.md,https://raw.githubusercontent.com/w3f/Grant-Milestone-Delivery/master/deliveries/Iunokit-milestone_2.md,2026-08-08T17:54:42.475921+00:00,c215ef31adf878f94c52527146c50afd3cba90b1e18b54b0169c2600a4536f58,5563
data/raw/applications/java-client.md,https://raw.githubusercontent.com/w3f/Grants-Program/master/applications/epirus_substrate_explorer.md,2026-08-08T17:54:42.475921+00:00,8dcc1b0f63fb0e002fcf0df29cea49e9d908cbed7fa35f1fb202cfbda4d783f1,18308
data/raw/applications/java_client_mileston.md,https://raw.githubusercontent.com/w3f/Grants-Program/master/applications/epirus_substrate_explorer.md,2026-08-08T17:54:42.475921+00:00,8dcc1b0f63fb0e002fcf0df29cea49e9d908cbed7fa35f1fb202cfbda4d783f1,18308
data/raw/applications/keysafe_network.md,https://raw.githubusercontent.com/w3f/Grants-Program/master/applications/keysafe_network.md,2026-08-08T17:54:42.475921+00:00,bf6fdddabae3d2c0a9fe6f687f99c0f80312ec86da2a5955597fb86d5ed5fe8b,13015
data/raw/deliveries/keysafe_network-milestone_1.md,https://raw.githubusercontent.com/w3f/Grant-Milestone-Delivery/master/deliveries/keysafe_network-milestone_1.md,2026-08-08T17:54:42.475921+00:00,b66f9483c6fe45bf955421297bf4f7c41838bb328e6b9e7d25ac8617902d3745,3027
data/raw/applications/Knowledge-Oriented-Framework.md,https://raw.githubusercontent.com/w3f/Grants-Program/master/applications/polkadot_analytics_platform.md,2026-08-08T17:54:42.475921+00:00,6e847e1c8ea6af9af50a5a78799a46d099576b831638a5c9f7fc5b01f19b84bd,24499
data/raw/applications/konomi.md,https://raw.githubusercontent.com/w3f/Grants-Program/master/applications/konomi.md,2026-08-08T17:54:42.475921+00:00,3544706216b517431e28a13ec2824bcb35074a247d66ca9ebf46ea905d9da504,13433
data/raw/applications/KSM-embeddable-tip-or-donate-button.md,https://raw.githubusercontent.com/w3f/Grants-Program/master/applications/substrate-identity-directory.md,2026-08-08T17:54:42.475921+00:00,8fbe793a3631ce3e179ab1542ce8198a025be360c508768e6bdab1f20e604349,7541
data/raw/applications/kylin-network.md,https://raw.githubusercontent.com/w3f/Grants-Program/master/applications/kylin_network.md,2026-08-08T17:54:42.475921+00:00,60ebc83302ebfc112fd72f2a48ca419df58a1de27622acccea254bc16ff533ae,31194
data/raw/applications/KZero.md,https://raw.githubusercontent.com/w3f/Grants-Program/master/applications/KZero.md,2026-08-08T17:54:42.475921+00:00,27e824fb318fb8d3acd4dd1e1774492fdd63d5f113c7735880748fa598a5bf45,23043
data/raw/applications/lastic.md,https://raw.githubusercontent.com/w3f/Grants-Program/master/applications/Lastic.md,2026-08-08T17:54:42.475921+00:00,2744de0e8db546d02bbba4aa3d3124db8ecfca65991071675674f02f0ef14573,21710
data/raw/deliveries/lastic-milestone_1.md,https://raw.githubusercontent.com/w3f/Grant-Milestone-Delivery/master/deliveries/lastic-milestone_1.md,2026-08-08T17:54:42.475921+00:00,f397413d28ab4899309647d5ac524a85ae3be8c081d0bd64fa93c3cf909cca9d,7123
data/raw/applications/lastic-price-simulator-milestione.md,https://raw.githubusercontent.com/w3f/Grants-Program/master/applications/lastic-price-simulation-2.md,2026-08-08T17:54:42.475921+00:00,1425554be72768c05b61691d6019813f139ec4659df12a8a46de2d3d0f2c2caa,15294
data/raw/applications/ledgerUpgrade.md,https://raw.githubusercontent.com/w3f/Grants-Program/master/applications/ledgerUpgrade.md,2026-08-08T17:54:42.475921+00:00,4f4304ed5df692bf5cf60e91e3564f9e955d28ce7f8868233d064edff3d8f20f,5473
data/raw/applications/liberland.md,https://raw.githubusercontent.com/w3f/Grants-Program/master/applications/liberland.md,2026-08-08T17:54:42.475921+00:00,e77ba6976db6d3b791e2ca9e153e133799953b3dcdf678b9d45be9dde67856da,29970
data/raw/applications/Libra.md,https://raw.githubusercontent.com/w3f/Grants-Program/master/applications/Libra.md,2026-08-08T17:54:42.475921+00:00,6e7e7e83393e01ee0803ba6b4d3872e72888e61f3de7ecb26669d93eac898b35,14286
data/raw/applications/LightSpell.md,https://raw.githubusercontent.com/w3f/Grants-Program/master/applications/LightSpell-proposal.md,2026-08-08T17:54:42.475921+00:00,c289a70601a7828c2fc1e5024bf7d67543b3e9234feb0786415f2f97c8ec973d,22934
data/raw/applications/LiisaPortfolioTracker.md,https://raw.githubusercontent.com/w3f/Grants-Program/master/applications/LiisaPortfolioTracker.md,2026-08-08T17:54:42.475921+00:00,f42dc22fa21cbd9ee60e3db80524079807fd8c76fee8182ccb6a4b78d0ec03c7,27040
data/raw/deliveries/LiisaPortfolioTracker-milestone_1.md,https://raw.githubusercontent.com/w3f/Grant-Milestone-Delivery/master/deliveries/LiisaPortfolioTracker-milestone_1.md,2026-08-08T17:54:42.475921+00:00,9a54ae13f91cd9cde15af980743e656ad08059b1bba08a20a26b9118349514a8,3301
data/raw/deliveries/load_balanced_endpoints_operations-milestone_1.md,https://raw.githubusercontent.com/w3f/Grant-Milestone-Delivery/master/deliveries/load_balanced_endpoints_operations-milestone_1.md,2026-08-08T17:54:42.475921+00:00,bd307ebb0301d3191eb60dbec6955743ab702c68e70b685ab9a7913dd8a584af,9231
data/raw/deliveries/load_balanced_endpoints_operations-milestone_2.md,https://raw.githubusercontent.com/w3f/Grant-Milestone-Delivery/master/deliveries/load_balanced_endpoints_operations-milestone_2.md,2026-08-08T17:54:42.475921+00:00,27b6d9d48deffc72420719936d929f52ac6933efcddcabaa20e8c334bf32c34c,4128
data/raw/deliveries/load_balanced_endpoints_operations-milestone_3.md,https://raw.githubusercontent.com/w3f/Grant-Milestone-Delivery/master/deliveries/load_balanced_endpoints_operations-milestone_3.md,2026-08-08T17:54:42.475921+00:00,1dceadb68c504925d47eff90622625a0888d3e8e270c69d86f7f1c9d8e4fca1d,3078
data/raw/applications/logion_wallet.md,https://raw.githubusercontent.com/w3f/Grants-Program/master/applications/logion_wallet.md,2026-08-08T17:54:42.475921+00:00,cebbc1351b78f71c69797921fcfd9f608695ab9d51f55c47ed63e25e4b99df7f,27794
data/raw/applications/lunie-governance_milestones-1.md,https://raw.githubusercontent.com/w3f/Grants-Program/master/applications/lunie.md,2026-08-08T17:54:42.475921+00:00,53fe97d7a6d14de29ba107d1999ba88858ea7b2daa7edee187feb5ec64a282cb,5724
data/raw/applications/lunokit.md,https://raw.githubusercontent.com/w3f/Grants-Program/master/applications/LunoKit.md,2026-08-08T17:54:42.475921+00:00,3385d9e050a8b345c0183a4040bd09a2cbec50cc9f2e70ec35cf245d00ea8d53,17018
data/raw/deliveries/lunokit-milestone_1.md,https://raw.githubusercontent.com/w3f/Grant-Milestone-Delivery/master/deliveries/lunokit-milestone_1.md,2026-08-08T17:54:42.475921+00:00,22db099968f80f45f6af54c7190d3cbd097dff7ec3b3ff73112853835534297d,4117
data/raw/applications/MangoBOX.md,https://raw.githubusercontent.com/w3f/Grants-Program/master/applications/MangoBOX-Protocol.md,2026-08-08T17:54:42.475921+00:00,62dfabca7b5c6e50eeceb979234d96d26c5977f4fc9770e24effbc7e92a7ce66,31033
data/raw/applications/MangoSale.md,https://raw.githubusercontent.com/w3f/Grants-Program/master/applications/MangoSale_Protocol.md,2026-08-08T17:54:42.475921+00:00,20e2e170e07d620d32cb358a0c225b0b251214bea53b5eec956544d1f5a7a189,23426
data/raw/applications/manta_network.md,https://raw.githubusercontent.com/w3f/Grants-Program/master/applications/manta_network.md,2026-08-08T17:54:42.475921+00:00,70d581e96eabad833b60cc568392ec845900589ec933185ce3a232a4fc350551,17182
data/raw/applications/massbit_route.md,https://raw.githubusercontent.com/w3f/Grants-Program/master/applications/massbit_route.md,2026-08-08T17:54:42.475921+00:00,460c70d3d97438cf41027f07e03afd9ba140017b2a0ea9db4ebb7861c02cf55d,43457
data/raw/applications/melodot.md,https://raw.githubusercontent.com/w3f/Grants-Program/master/applications/Melodot.md,2026-08-08T17:54:42.475921+00:00,83e59b545ea31628c97ea0c1b3fdc9bd56e5234443947d53ba861ae6386aa193,18735
data/raw/deliveries/melodot-milestone_1.md,https://raw.githubusercontent.com/w3f/Grant-Milestone-Delivery/master/deliveries/melodot-milestone_1.md,2026-08-08T17:54:42.475921+00:00,7be750e11efe5120da8f892320323cd36f455344216af957109bcc8b56d11b75,2542
data/raw/deliveries/melodot-milestone_2.md,https://raw.githubusercontent.com/w3f/Grant-Milestone-Delivery/master/deliveries/melodot-milestone_2.md,2026-08-08T17:54:42.475921+00:00,7fe377567f4a2df215a4a2d36ecbad9c3cc0ce2f4f0a43a13cca43bd89ac7afc,3091
data/raw/deliveries/melodot-milestone_3.md,https://raw.githubusercontent.com/w3f/Grant-Milestone-Delivery/master/deliveries/melodot-milestone_3.md,2026-08-08T17:54:42.475921+00:00,839495db749dbf009481b77b862b300196fc94d3380f48e5dce945de589e7b74,2578
data/raw/deliveries/melodot-milestone_4.md,https://raw.githubusercontent.com/w3f/Grant-Milestone-Delivery/master/deliveries/melodot-milestone_4.md,2026-08-08T17:54:42.475921+00:00,049c3a90b6a24ec7e34e28f453985960381d12918c39ff7ece3a8f3ad70e8844,2923
data/raw/applications/MeProtocol.md,https://raw.githubusercontent.com/w3f/Grants-Program/master/applications/MeProtocol.md,2026-08-08T17:54:42.475921+00:00,acd749672902fcdf222c2e46a62d803ceea378adef56119874dcb8a72f2eb322,21660
data/raw/applications/merkle_tree.md,https://raw.githubusercontent.com/w3f/Grants-Program/master/applications/binary_merkle_tree.md,2026-08-08T17:54:42.475921+00:00,fc238a4172b8167691d6bb8414860e0fb00bde90de0bcbdefc692c8736ef5a89,16101
data/raw/applications/migrationEase.md,https://raw.githubusercontent.com/w3f/Grants-Program/master/applications/MigrationEase.md,2026-08-08T17:54:42.475921+00:00,76d0e181281c046a4ef53a8d9ae1e2ad2a25289ca61128be425c2abe2b1f6b28,9604
data/raw/applications/mobile_dapp_connection.md,https://raw.githubusercontent.com/w3f/Grants-Program/master/applications/Plutonication.md,2026-08-08T17:54:42.475921+00:00,d89293bceaa80d6aaba8509cf202a10aa4b89cf18d8354892bd07181a7953c4d,28159
data/raw/deliveries/mobile_dapp_connection-milestone_1.md,https://raw.githubusercontent.com/w3f/Grant-Milestone-Delivery/master/deliveries/mobile_dapp_connection-milestone_1.md,2026-08-08T17:54:42.475921+00:00,00b7f47b4089cd24283db15d6d0a044378fcec927896628660d854ee481cb3c9,4430
data/raw/deliveries/mobile_dapp_connection-milestone_2.md,https://raw.githubusercontent.com/w3f/Grant-Milestone-Delivery/master/deliveries/mobile_dapp_connection-milestone_2.md,2026-08-08T17:54:42.475921+00:00,9c167f61c316aecfeedddb963ea2d4966ac7897e017e499344c5aad3aa736e39,3555
data/raw/deliveries/mobile_dapp_connection-milestone_3.md,https://raw.githubusercontent.com/w3f/Grant-Milestone-Delivery/master/deliveries/mobile_dapp_connection-milestone_3.md,2026-08-08T17:54:42.475921+00:00,5845d6156dc0ce48ae145896f563777f75dcc25f8691e0f7f4da86a0e6752adf,3255
data/raw/applications/mobile-game-framework-millestone.md,https://raw.githubusercontent.com/w3f/Grants-Program/master/applications/mobile-game-framework.md,2026-08-08T17:54:42.475921+00:00,0ec18db482ee781de6ae2bd1aa6813cf19258447a23dc0989d506e5eca5e83db,9938
data/raw/applications/Multix-a-simple-UI-for-complex-multisigs.md,https://raw.githubusercontent.com/w3f/Grants-Program/master/applications/Multix-a-simple-UI-for-complex-multisig.md,2026-08-08T17:54:42.475921+00:00,6b496db0e9e42cd7712a0bfc1bc9d4117340718fb2382e583e19c442140b6e2a,10082
data/raw/applications/myriad_social.md,https://raw.githubusercontent.com/w3f/Grants-Program/master/applications/myriad_social.md,2026-08-08T17:54:42.475921+00:00,7bcfcd89dcc42f5a3c771f9418cad26a898494f15404f54cb0131b1fcd4c5796,18977
data/raw/deliveries/myriad_social-milestone_1.md,https://raw.githubusercontent.com/w3f/Grant-Milestone-Delivery/master/deliveries/myriad_social-milestone_1.md,2026-08-08T17:54:42.475921+00:00,eb69a733072ce01404b2e28ad0c6c4b56d4780565ddfdc012a663b1df0920527,4447
data/raw/deliveries/myriad_social-milestone_2.md,https://raw.githubusercontent.com/w3f/Grant-Milestone-Delivery/master/deliveries/myriad_social-milestone_2.md,2026-08-08T17:54:42.475921+00:00,ac8e3bb3362d055fbe101033d28ebe82cd0b41247a6fdc65cfa8c8449d6b2356,4653
data/raw/deliveries/myriad_social-milestone_3.md,https://raw.githubusercontent.com/w3f/Grant-Milestone-Delivery/master/deliveries/myriad_social-milestone_3.md,2026-08-08T17:54:42.475921+00:00,7baee3986107962ab0857c83f515a241e3186881e36e63e07471f083a33bfa8b,16316
data/raw/applications/native-bitcoin-vaults.md,https://raw.githubusercontent.com/w3f/Grants-Program/master/applications/native-bitcoin-vaults.md,2026-08-08T17:54:42.475921+00:00,099172ac7c9a0de641326d04c17b9ec98727a515f3e5e76a7a5e6a75123eca3d,33985
data/raw/applications/NeuroZK.md,https://raw.githubusercontent.com/w3f/Grants-Program/master/applications/NeuroZK.md,2026-08-08T17:54:42.475921+00:00,a4e7d6fd79684271815d03e18539120da53d82cf2b31f4b8b689ce25014a3538,22758
data/raw/applications/new_bls12_hash_function.md,https://raw.githubusercontent.com/w3f/Grants-Program/master/applications/new_bls12_hash_function.md,2026-08-08T17:54:42.475921+00:00,036bbaa52d20beab259872e24944fb79900609fcd045ef8a87cb0ad787870cb1,11077
data/raw/deliveries/new_bls12_hash_function-milestone_1.md,https://raw.githubusercontent.com/w3f/Grant-Milestone-Delivery/master/deliveries/new_bls12_hash_function-milestone_1.md,2026-08-08T17:54:42.475921+00:00,53a86a3708f10ce6ef4d71ae1c8c4d9f07fef00d388993d0132cc30d8ec0f5ac,1620
data/raw/deliveries/new_bls12_hash_function-milestone_2.md,https://raw.githubusercontent.com/w3f/Grant-Milestone-Delivery/master/deliveries/new_bls12_hash_function-milestone_2.md,2026-08-08T17:54:42.475921+00:00,2addc06d8e78711413bf35642a877d7a4a16dacf50031315adc62c65f1d79d65,1242
data/raw/applications/NewOmega.md,https://raw.githubusercontent.com/w3f/Grants-Program/master/applications/newomega.md,2026-08-08T17:54:42.475921+00:00,3a1024ed49742d006a92ff1f983dbbab9ff29b3df8089ac31f4437f975c438d9,8547
data/raw/applications/nftaa.md,https://raw.githubusercontent.com/w3f/Grants-Program/master/applications/nftaa.md,2026-08-08T17:54:42.475921+00:00,acbb1b83a2b1e2d26b7b013a58307d0456c936c10f315da8a7c6de65b72b318c,31553
data/raw/applications/nft_collectibles_wallet.md,https://raw.githubusercontent.com/w3f/Grants-Program/master/applications/nft_collectibles_wallet.md,2026-08-08T17:54:42.475921+00:00,ff3171256811173eefa6f43dfdcd0927a5d7a5e7add555d96d4839d8f020cf30,13341
data/raw/deliveries/nft_collectibles_wallet-milestone_1.md,https://raw.githubusercontent.com/w3f/Grant-Milestone-Delivery/master/deliveries/nft_collectibles_wallet-milestone_1.md,2026-08-08T17:54:42.475921+00:00,5f1c3c43f08e869251e4d3a3d1721b5f37a22f55d5e87b71ccfa6fc0faa9e0ed,2822
data/raw/applications/nft_explorer.md,https://raw.githubusercontent.com/w3f/Grants-Program/master/applications/nft_explorer.md,2026-08-08T17:54:42.475921+00:00,3453047cf67997abbf4972da6ffd79e120a17cbc18551fa7f3eb70f2a3b2067b,13696
data/raw/deliveries/nft_explorer-milestone_1.md,https://raw.githubusercontent.com/w3f/Grant-Milestone-Delivery/master/deliveries/nft_explorer-milestone_1.md,2026-08-08T17:54:42.475921+00:00,c541fe56654ed5b4939df16b8875f750b358d97ce4c174437956130120f59a9c,2459
data/raw/deliveries/nft_explorer-milestone_2.md,https://raw.githubusercontent.com/w3f/Grant-Milestone-Delivery/master/deliveries/nft_explorer-milestone_2.md,2026-08-08T17:54:42.475921+00:00,75af14879320b4ac5fa97d2cc19a715f8d075ecd7720a1786c9572e2c19584ae,1681
data/raw/applications/nftstore-network.md,https://raw.githubusercontent.com/w3f/Grants-Program/master/applications/NFTStore_Network.md,2026-08-08T17:54:42.475921+00:00,4c8f95bcd2c3be12ea2be9ddeb8b097a1b44db8411856090438b2cfde0ef3291,6465
data/raw/deliveries/nftstore-network-milestone_1.md,https://raw.githubusercontent.com/w3f/Grant-Milestone-Delivery/master/deliveries/nftstore-network-milestone_1.md,2026-08-08T17:54:42.475921+00:00,fc1a8d82732fb8b60b13d59fde0a9582d00343bfc00e74973d3c79ecebe4f4f8,3950
data/raw/applications/Nolik.md,https://raw.githubusercontent.com/w3f/Grants-Program/master/applications/Nolik.md,2026-08-08T17:54:42.475921+00:00,6305c7bbd299411b909a01201234e19a687f71f9f5f0e893c954168727faa9b7,28042
data/raw/applications/nulink.md,https://raw.githubusercontent.com/w3f/Grants-Program/master/applications/NuLink.md,2026-08-08T17:54:42.475921+00:00,96c70cf61098bb8d0a50a5ec37c8ca980142f3d5e0872bd3141c6004f9a1dcf5,7472
data/raw/applications/ocelloids_monitoring_sdk.md,https://raw.githubusercontent.com/w3f/Grants-Program/master/applications/ocelloids_monitoring_sdk.md,2026-08-08T17:54:42.475921+00:00,b8fa679c8e1edd91639affb4b50ae91b30d725ef2e5b59eb253bf0bb86583f20,12843
data/raw/deliveries/ocelloids_monitoring_sdk-milestone_1.md,https://raw.githubusercontent.com/w3f/Grant-Milestone-Delivery/master/deliveries/ocelloids_monitoring_sdk-milestone_1.md,2026-08-08T17:54:42.475921+00:00,e98c5bf18ca618c1ed5ec47f4ee62538f24c99dee6b9760dfcffb45a1c2f5371,2115
data/raw/applications/ocelloids_xcm_monitoring_service.md,https://raw.githubusercontent.com/w3f/Grants-Program/master/applications/ocelloids_xcm_monitoring_service.md,2026-08-08T17:54:42.475921+00:00,56a665f35efdf252ad63eeffa6c8a29c5be2d9e77fc69bd9411457c2c132fbc9,15878
data/raw/deliveries/ocelloids_xcm_monitoring_service-milestone_1.md,https://raw.githubusercontent.com/w3f/Grant-Milestone-Delivery/master/deliveries/ocelloids_xcm_monitoring_service-milestone_1.md,2026-08-08T17:54:42.475921+00:00,5f5944dc4d789f0e2cad4f5c3f780cd65e97b9e0879922b235b469b877a377c5,2496
data/raw/applications/offline_elction_tool.md,https://raw.githubusercontent.com/w3f/Grants-Program/master/docs/RFPs/offline_election_tool.md,2026-08-08T17:54:42.475921+00:00,7bc78f5a10834da8e0771585c1114c05bce6963927d554b080b05658d66ff23f,2708
data/raw/applications/offline_election_tool.md,https://raw.githubusercontent.com/w3f/Grants-Program/master/docs/RFPs/offline_election_tool.md,2026-08-08T17:54:42.475921+00:00,7bc78f5a10834da8e0771585c1114c05bce6963927d554b080b05658d66ff23f,2708
data/raw/applications/On_chain_cash_exchange.md,https://raw.githubusercontent.com/w3f/Grants-Program/master/applications/on-chain-cash.md,2026-08-08T17:54:42.475921+00:00,3bb2be81bf23395dcbe52b40fe74040e1d37bf158647d3837aa8854f7f0115cf,17832
data/raw/applications/openbrush.md,https://raw.githubusercontent.com/w3f/Grants-Program/master/applications/openbrush-follow-up-2.md,2026-08-08T17:54:42.475921+00:00,b7fdd1fb420da8262ef773274d39271e792fd2a227d543cc9f4403ba3235c241,53785
data/raw/deliveries/openbrush-milestone_1.md,https://raw.githubusercontent.com/w3f/Grant-Milestone-Delivery/master/deliveries/openbrush-milestone_1.md,2026-08-08T17:54:42.475921+00:00,65f3654896160e4f5835e48232cf9d0ba8f8d7e717dcaee9580e3bf2c886d577,3602
data/raw/deliveries/openbrush-milestone_2.md,https://raw.githubusercontent.com/w3f/Grant-Milestone-Delivery/master/deliveries/openbrush-milestone_2.md,2026-08-08T17:54:42.475921+00:00,f1a51296955068a0eaf70ac122ec0b1b00d79e36f169e63e724a5bfc1186f4ce,7557
data/raw/applications/openbrush_follow_up.md,https://raw.githubusercontent.com/w3f/Grants-Program/master/applications/ArtZero_InkWhale.md,2026-08-08T17:54:42.475921+00:00,e27d0e985373e8feb1671748be11d27abb314822376c7f7dfba69a169b991742,9977
data/raw/deliveries/openbrush_follow_up-milestone_1.md,https://raw.githubusercontent.com/w3f/Grant-Milestone-Delivery/master/deliveries/openbrush_follow_up-milestone_1.md,2026-08-08T17:54:42.475921+00:00,e39a3721d8cae8a14a9c9a26b7731478d3db9c0fc210a45c4a44c9bfafcc23bf,4878
data/raw/deliveries/openbrush_follow_up-milestone_2.md,https://raw.githubusercontent.com/w3f/Grant-Milestone-Delivery/master/deliveries/openbrush_follow_up-milestone_2.md,2026-08-08T17:54:42.475921+00:00,9c21d321a116fef08cec50ed55a4b28628c2f1ba329d8ead51d89edeb0a6bf02,8781
data/raw/applications/openPayroll.md,https://raw.githubusercontent.com/w3f/Grants-Program/master/applications/openPayroll.md,2026-08-08T17:54:42.475921+00:00,00790a6798ab1571f27421dce4c3a42c20dc0e4d96ec2e0eefb0791f8a0eea13,20677
data/raw/applications/openrollup-mvp-phase.md,https://raw.githubusercontent.com/w3f/Grants-Program/master/applications/openrollup-mvp-phase-1.md,2026-08-08T17:54:42.475921+00:00,3cb3f14af4de84a19e19c0bed1d7db3f2aff14c87cc172fdc65f2374b2f4ee52,12530
data/raw/deliveries/OpenSquare_offchain_voting-milestone_1.md,https://raw.githubusercontent.com/w3f/Grant-Milestone-Delivery/master/deliveries/OpenSquare_offchain_voting-milestone_1.md,2026-08-08T17:54:42.475921+00:00,bc853eb7aa4cc902034edf196ddf9d7249a787bacb5e2a2e910ed1cad39e379e,2166
data/raw/applications/OpenSquare_paid_qa.md,https://raw.githubusercontent.com/w3f/Grants-Program/master/applications/OpenSquare_paid_qa_protocol.md,2026-08-08T17:54:42.475921+00:00,4d3a657c711cb207afcc73c48ea0f5b1414062b40bcb3ee3fffbc4cc4c47aef4,11329
data/raw/deliveries/OpenSquare_paid_qa-milestone_1.md,https://raw.githubusercontent.com/w3f/Grant-Milestone-Delivery/master/deliveries/OpenSquare_paid_qa-milestone_1.md,2026-08-08T17:54:42.475921+00:00,3b489d544cfdca4ca74748442a8c0c0e039f44a2664d60c3ae184d2d91ac108d,2129
data/raw/applications/orochi-network-orosign-part1.md,https://raw.githubusercontent.com/w3f/Grants-Program/master/applications/orochi-network-orosign-part1.md,2026-08-08T17:54:42.475921+00:00,35dc47f28578caf05c7ff8e35e688299e42487997d9ce20683ef5dab68fe795b,9293
data/raw/deliveries/orochi-network-orosign-part1-milestone_1.md,https://raw.githubusercontent.com/w3f/Grant-Milestone-Delivery/master/deliveries/orochi-network-orosign-part1-milestone_1.md,2026-08-08T17:54:42.475921+00:00,8aa504f50bbbbef4d41c5963d9136fdd6b775d7b7137f47819744ce5b30d48dd,4740
data/raw/applications/p2p_state_channels.md,https://raw.githubusercontent.com/w3f/Grants-Program/master/applications/P2PStateChannels.md,2026-08-08T17:54:42.475921+00:00,a07627c3f042af0fc0eae88f61c0ba1706c8f45bb8bcc44dad1ff347e93f7e9b,28306
data/raw/deliveries/p2p_state_channels-milestone_1.md,https://raw.githubusercontent.com/w3f/Grant-Milestone-Delivery/master/deliveries/p2p_state_channels-milestone_1.md,2026-08-08T17:54:42.475921+00:00,81b6bfafaf0f51cda410270f12e7fac13310c216926b188751013e5c39132096,5712
data/raw/deliveries/p2p_state_channels-milestone_2.md,https://raw.githubusercontent.com/w3f/Grant-Milestone-Delivery/master/deliveries/p2p_state_channels-milestone_2.md,2026-08-08T17:54:42.475921+00:00,5a66b3b5936f4c7824555590675b54adb5ed04d71f64dedea8903b1c57577f7d,5581
data/raw/applications/pacificstore.md,https://raw.githubusercontent.com/w3f/Grants-Program/master/applications/pacific_store.md,2026-08-08T17:54:42.475921+00:00,e6d0b09c62064906a5ce53e804753120f34865056b3240b95e8844ae5788428a,19825
data/raw/applications/pallet_drand_client.md,https://raw.githubusercontent.com/w3f/Grants-Program/master/applications/pallet-drand-client.md,2026-08-08T17:54:42.475921+00:00,2bcee5f857db8a7ddaa0d9bde5a2dd8837b734a63b8a6dd416783ff814d006aa,9849
data/raw/applications/pallet_supersig_decentration.md,https://raw.githubusercontent.com/w3f/Grants-Program/master/applications/pallet_supersig.md,2026-08-08T17:54:42.475921+00:00,d9ee72d3beaa251591d523aee4848facec3d1cf5eb8fe4a1eed546de237b6949,17467
data/raw/applications/pallet-verifier.md,https://raw.githubusercontent.com/w3f/Grants-Program/master/applications/pallet-verifier.md,2026-08-08T17:54:42.475921+00:00,a779a2bf2a4899b726532c21783e71af158b948476bb6859bcdcd8177fcd916f,53235
data/raw/applications/PANIC.md,https://raw.githubusercontent.com/w3f/Grants-Program/master/applications/open-node-framework.md,2026-08-08T17:54:42.475921+00:00,b8d003fff86165c0a813298b1c7fbf4114999f1e002b7a247e565261e81466a2,10835
data/raw/applications/parachain_staking.md,https://raw.githubusercontent.com/w3f/Grants-Program/master/applications/parachain-staking.md,2026-08-08T17:54:42.475921+00:00,c1a242fcedf2a766adbc855324641d3e287eb98b5469204889bfa530a11fa391,7760
data/raw/applications/parallel.md,https://raw.githubusercontent.com/w3f/Grants-Program/master/applications/Parallel.md,2026-08-08T17:54:42.475921+00:00,884370684f5e9dc69769269f37abdf1619a008302e40b7eab39c00305e2652bd,21495
data/raw/applications/paraport.md,https://raw.githubusercontent.com/w3f/Grants-Program/master/applications/paraport_m1.md,2026-08-08T17:54:42.475921+00:00,c409c2240f8c8e547c2741bedc0f185d5cd17f562c126a87dd782adc245d5450,26199
data/raw/applications/ParaSpell.md,https://raw.githubusercontent.com/w3f/Grants-Program/master/applications/ParaSpell.md,2026-08-08T17:54:42.475921+00:00,7c80f09270959f757cfc62b4200fb0866b026e9bc485889cbbe4eb993f6e99d3,13746
data/raw/deliveries/ParaSpell-milestone_1.md,https://raw.githubusercontent.com/w3f/Grant-Milestone-Delivery/master/deliveries/ParaSpell-milestone_1.md,2026-08-08T17:54:42.475921+00:00,525949edb6f0958ab9b3790574264498bf9aa14b04f3bf2745e19cfce3278543,4242
data/raw/applications/Paraspell-followup.md,https://raw.githubusercontent.com/w3f/Grants-Program/master/applications/ParaSpell_follow-up.md,2026-08-08T17:54:42.475921+00:00,800c3744d3997ef217e5056e1b11a337aafc9f5d5fa6b32a9c15fb2b68922acc,21480
data/raw/applications/ParaSpell-followup2.md,https://raw.githubusercontent.com/w3f/Grants-Program/master/applications/ParaSpell_follow-up.md,2026-08-08T17:54:42.475921+00:00,800c3744d3997ef217e5056e1b11a337aafc9f5d5fa6b32a9c15fb2b68922acc,21480
data/raw/applications/perun_app_channels.md,https://raw.githubusercontent.com/w3f/Grants-Program/master/applications/distributed_cryptography_for_polkadot_wallets.md,2026-08-08T17:54:42.475921+00:00,0a75e62fee3dc1bdc21a188ce557478a9722b251345def478839bc0e76bf96fe,30450
data/raw/deliveries/perun_app_channels-milestone_1.md,https://raw.githubusercontent.com/w3f/Grant-Milestone-Delivery/master/deliveries/perun_app_channels-milestone_1.md,2026-08-08T17:54:42.475921+00:00,276307a8bbbb0ab108efb1c73188fe14be4f6518a279f2ec17ecdd36fe302201,3374
data/raw/deliveries/perun_app_channels-milestone_2.md,https://raw.githubusercontent.com/w3f/Grant-Milestone-Delivery/master/deliveries/perun_app_channels-milestone_2.md,2026-08-08T17:54:42.475921+00:00,4e7c478f28b111d5d2c831d970a5095b0db3663b2a962fcdb71a6900ef55a4f0,4223
data/raw/deliveries/perun_app_channels-milestone_3.md,https://raw.githubusercontent.com/w3f/Grant-Milestone-Delivery/master/deliveries/perun_app_channels-milestone_3.md,2026-08-08T17:54:42.475921+00:00,bcde6229fa8e31234f8e991d05d89b91f34e0d8de3c088b5e3f81c78369807aa,4504
data/raw/applications/perun_channels.md,https://raw.githubusercontent.com/w3f/Grants-Program/master/applications/distributed_cryptography_for_polkadot_wallets.md,2026-08-08T17:54:42.475921+00:00,0a75e62fee3dc1bdc21a188ce557478a9722b251345def478839bc0e76bf96fe,30450
data/raw/deliveries/perun_channels-milestone_1.md,https://raw.githubusercontent.com/w3f/Grant-Milestone-Delivery/master/deliveries/perun_channels-milestone_1.md,2026-08-08T17:54:42.475921+00:00,414228e0e4d1c5c4df6242fc8d81c82fc5869b7b941c3e020c25620d0bb16fce,2186
data/raw/deliveries/perun_channels-milestone_2.md,https://raw.githubusercontent.com/w3f/Grant-Milestone-Delivery/master/deliveries/perun_channels-milestone_2.md,2026-08-08T17:54:42.475921+00:00,28b336d95dee4be2d89f04773c7e70800be72fe40a6f8c02f84a784ebc046112,2313
data/raw/applications/perun_integration.md,https://raw.githubusercontent.com/w3f/Grants-Program/master/applications/distributed_cryptography_for_polkadot_wallets.md,2026-08-08T17:54:42.475921+00:00,0a75e62fee3dc1bdc21a188ce557478a9722b251345def478839bc0e76bf96fe,30450
data/raw/deliveries/perun_integration-milestone_1.md,https://raw.githubusercontent.com/w3f/Grant-Milestone-Delivery/master/deliveries/perun_integration-milestone_1.md,2026-08-08T17:54:42.475921+00:00,651172c6318404442fd451ad24991e1faf2bcee0fc74c84d1c5334a7dcc76f77,2150
data/raw/deliveries/perun_integration-milestone_2.md,https://raw.githubusercontent.com/w3f/Grant-Milestone-Delivery/master/deliveries/perun_integration-milestone_2.md,2026-08-08T17:54:42.475921+00:00,cc48c519f79b61a72af4ea296605dc2687d4489d4f9d34a8482ddd1acc485fd6,2157
data/raw/deliveries/perun_integration-milestone_3.md,https://raw.githubusercontent.com/w3f/Grant-Milestone-Delivery/master/deliveries/perun_integration-milestone_3.md,2026-08-08T17:54:42.475921+00:00,dd213399c0ca2bd8c0511808760a1c1f903f8c4d3be2bb2e24d88b19fa14c919,2214
data/raw/deliveries/perun_integration-milestone_4.md,https://raw.githubusercontent.com/w3f/Grant-Milestone-Delivery/master/deliveries/perun_integration-milestone_4.md,2026-08-08T17:54:42.475921+00:00,959f2cdca1d2842aae95e47ff0028650d12e8a7523ac926c4e07c790cee77865,2487
data/raw/deliveries/perun_integration-milestone_5.md,https://raw.githubusercontent.com/w3f/Grant-Milestone-Delivery/master/deliveries/perun_integration-milestone_5.md,2026-08-08T17:54:42.475921+00:00,0678129a4b14b6678d333425c7037890ee5eda89f7cbb182dfb9a18b375eef76,2196
data/raw/applications/php-rpc-lib.md,https://raw.githubusercontent.com/w3f/Grants-Program/master/applications/JsonRpsee-socks5-proxy.md,2026-08-08T17:54:42.475921+00:00,510eda7726f143d41f8199287700131e69cd2f0a061c5c9d1811462b7721129a,4064
data/raw/applications/php-rpc-lib-follow-up.md,https://raw.githubusercontent.com/w3f/Grants-Program/master/applications/JsonRpsee-socks5-proxy.md,2026-08-08T17:54:42.475921+00:00,510eda7726f143d41f8199287700131e69cd2f0a061c5c9d1811462b7721129a,4064
data/raw/applications/php-scale-lib.md,https://raw.githubusercontent.com/w3f/Grants-Program/master/applications/JsonRpsee-socks5-proxy.md,2026-08-08T17:54:42.475921+00:00,510eda7726f143d41f8199287700131e69cd2f0a061c5c9d1811462b7721129a,4064
data/raw/applications/php-substrate-api.md,https://raw.githubusercontent.com/w3f/Grants-Program/master/applications/php-substrate-api.md,2026-08-08T17:54:42.475921+00:00,d2a7f76598f29e5e5e5bcf745e96994fe04113f3a71d3b7dbae9b3b2429fed3c,7824
data/raw/applications/Plus.md,https://raw.githubusercontent.com/w3f/Grants-Program/master/applications/Plus-follow-up.md,2026-08-08T17:54:42.475921+00:00,36828aad7a96a2634a7e9dccb18c7d91bbca169c5a3732d5f1d11e841ee7c3ed,10359
data/raw/applications/Plutonication.md,https://raw.githubusercontent.com/w3f/Grants-Program/master/applications/Plutonication.md,2026-08-08T17:54:42.475921+00:00,d89293bceaa80d6aaba8509cf202a10aa4b89cf18d8354892bd07181a7953c4d,28159
data/raw/applications/pocs.md,https://raw.githubusercontent.com/w3f/Grants-Program/master/applications/PoCS.md,2026-08-08T17:54:42.475921+00:00,c96841a4df24f5b29e1cdf12b94553b39d2b9ff86bae41f4c55c215dbf374678,18778
data/raw/deliveries/pocs-milestone_1.md,https://raw.githubusercontent.com/w3f/Grant-Milestone-Delivery/master/deliveries/pocs-milestone_1.md,2026-08-08T17:54:42.475921+00:00,1e4b5d2741fefe7e24d2db55875dae030ed8cea272fc427e4354a8c8e1e8775f,3829
data/raw/deliveries/pocs-milestone_2.md,https://raw.githubusercontent.com/w3f/Grant-Milestone-Delivery/master/deliveries/pocs-milestone_2.md,2026-08-08T17:54:42.475921+00:00,ea6252a4ca885c60d74c07e22a20134ccb45a2d03d215dc717b7949afed28dc2,1685
data/raw/deliveries/pocs-milestone_3.md,https://raw.githubusercontent.com/w3f/Grant-Milestone-Delivery/master/deliveries/pocs-milestone_3.md,2026-08-08T17:54:42.475921+00:00,8fd68da995fb9a9c304f8ef7ff8f6c58bc0f2de11b021d7cae54df516ed77afe,2438
data/raw/applications/polkadart.md,https://raw.githubusercontent.com/w3f/Grants-Program/master/applications/Polkadart.md,2026-08-08T17:54:42.475921+00:00,4bb4449f0bf16c6780da5caede2a189328e5221b7226dd42abb5fc3ab3fd6c27,14228
data/raw/deliveries/polkadart-milestone_1.md,https://raw.githubusercontent.com/w3f/Grant-Milestone-Delivery/master/deliveries/polkadart-milestone_1.md,2026-08-08T17:54:42.475921+00:00,b40b57a9c9a80ddc9f2b8bdb1b727d96bdca25c5ba08d07805e001624a1d2dfa,2226
data/raw/deliveries/polkadart-milestone_2.md,https://raw.githubusercontent.com/w3f/Grant-Milestone-Delivery/master/deliveries/polkadart-milestone_2.md,2026-08-08T17:54:42.475921+00:00,339c0c33720e200790c55fef71ee78d22b7065d1599673c79aee5223df96f156,5129
data/raw/deliveries/polkadart-milestone_3.md,https://raw.githubusercontent.com/w3f/Grant-Milestone-Delivery/master/deliveries/polkadart-milestone_3.md,2026-08-08T17:54:42.475921+00:00,ca06150a4f4cc6d0bb60ccd632ac6b86d68aabaff2d76d448d72e83b2c2d8a2f,7228
data/raw/deliveries/polkadart-milestone_4.md,https://raw.githubusercontent.com/w3f/Grant-Milestone-Delivery/master/deliveries/polkadart-milestone_4.md,2026-08-08T17:54:42.475921+00:00,2e26d7af1bcd1850ec7c1f7dce8aa50437e8d9e3bfd5ac659980a38315ab3762,11743
data/raw/applications/Polkadart_extension.md,https://raw.githubusercontent.com/w3f/Grants-Program/master/applications/polkadart_extension.md,2026-08-08T17:54:42.475921+00:00,07e1976fece64a61d012290d94dc2ae7e19ed8832f2a095e0b421c3eb669bb30,11498
data/raw/applications/polkadart-followup.md,https://raw.githubusercontent.com/w3f/Grants-Program/master/applications/polkadart_extension.md,2026-08-08T17:54:42.475921+00:00,07e1976fece64a61d012290d94dc2ae7e19ed8832f2a095e0b421c3eb669bb30,11498
data/raw/deliveries/polkadart-followup-milestone_1.md,https://raw.githubusercontent.com/w3f/Grant-Milestone-Delivery/master/deliveries/polkadart-followup-milestone_1.md,2026-08-08T17:54:42.475921+00:00,94398a3c8184bc650d295e4d89ea0ab9541e829d9b815b3804b9008b3e01baaa,3002
data/raw/applications/polkadex.md,https://raw.githubusercontent.com/w3f/Grants-Program/master/applications/polkadex.md,2026-08-08T17:54:42.475921+00:00,b69f20f913f15e3e633fc052d5e3a2a2d2eb6044612e9c38b4caf5e8ae55d536,10851
data/raw/applications/polkadot_analytics_platform.md,https://raw.githubusercontent.com/w3f/Grants-Program/master/applications/polkadot_analytics_platform.md,2026-08-08T17:54:42.475921+00:00,6e847e1c8ea6af9af50a5a78799a46d099576b831638a5c9f7fc5b01f19b84bd,24499
data/raw/applications/polkadot-contract-wizard.md,https://raw.githubusercontent.com/w3f/Grants-Program/master/applications/Contract_wizard.md,2026-08-08T17:54:42.475921+00:00,974fcb311f8752ac732044eb7114645b789e29361464b117024d483534aef56d,11932
data/raw/applications/polkadot_dart.md,https://raw.githubusercontent.com/w3f/Grants-Program/master/applications/Polkadart.md,2026-08-08T17:54:42.475921+00:00,4bb4449f0bf16c6780da5caede2a189328e5221b7226dd42abb5fc3ab3fd6c27,14228
data/raw/applications/polkadotjs-ecdsa-hardware.md,https://raw.githubusercontent.com/w3f/Grants-Program/master/applications/polkadotjs-ecdsa.md,2026-08-08T17:54:42.475921+00:00,1128c9dc0f9ee25b4d8f616e53da64908d6e46f057cb16778d37e4851a03d113,3508
data/raw/applications/polkadotjs_no_code.md,https://raw.githubusercontent.com/w3f/Grants-Program/master/applications/polkadotjs_no_code.md,2026-08-08T17:54:42.475921+00:00,87e06cc81b5756c5ebe04348b76458c47d773009a1a4367296b7f01bdb8f423c,8575
data/raw/deliveries/polkadotjs_no_code-milestone_2.md,https://raw.githubusercontent.com/w3f/Grant-Milestone-Delivery/master/deliveries/polkadotjs_no_code-milestone_2.md,2026-08-08T17:54:42.475921+00:00,4b228cfa1d6c17c03627d1270f532301faa6e16dda2abe5fda0ce19cd777b5ff,1998
data/raw/applications/polkadot-js-plus-nomination-pools.md,https://raw.githubusercontent.com/w3f/Grants-Program/master/applications/Plus-follow-up.md,2026-08-08T17:54:42.475921+00:00,36828aad7a96a2634a7e9dccb18c7d91bbca169c5a3732d5f1d11e841ee7c3ed,10359
data/raw/applications/polkadot-js-plus-social-recovery-wallet.md,https://raw.githubusercontent.com/w3f/Grants-Program/master/applications/Plus-follow-up.md,2026-08-08T17:54:42.475921+00:00,36828aad7a96a2634a7e9dccb18c7d91bbca169c5a3732d5f1d11e841ee7c3ed,10359
data/raw/applications/Polkadot-Protocol-Conformance-Tests.md,https://raw.githubusercontent.com/w3f/Grants-Program/master/applications/polkadot_tests.md,2026-08-08T17:54:42.475921+00:00,908be0ff18c2780ffd6426b4ad888ee8911c8cb0f88e3b3af074cd70cd9ea5ab,7151
data/raw/applications/polkadot-runtime-releaser.md,https://raw.githubusercontent.com/w3f/Grants-Program/master/applications/polkadot-runtime-releaser.md,2026-08-08T17:54:42.475921+00:00,c6655320aa329a30f8b38ee64feb1baff0e75225ba886f965a6942a34b113c17,7717
data/raw/deliveries/polkadot-runtime-releaser-milestone_1.md,https://raw.githubusercontent.com/w3f/Grant-Milestone-Delivery/master/deliveries/polkadot-runtime-releaser-milestone_1.md,2026-08-08T17:54:42.475921+00:00,eb9d492982f71b05f6c2a3d7873946e1a6a966648403e358b710fbd0589fe037,4911
data/raw/applications/polkadot_tests.md,https://raw.githubusercontent.com/w3f/Grants-Program/master/applications/polkadot_tests.md,2026-08-08T17:54:42.475921+00:00,908be0ff18c2780ffd6426b4ad888ee8911c8cb0f88e3b3af074cd70cd9ea5ab,7151
data/raw/applications/Polkadot_Web_UI.md,https://raw.githubusercontent.com/w3f/Grants-Program/master/applications/Polkadot_Web_UI.md,2026-08-08T17:54:42.475921+00:00,64f8439510695dac5972786a60a7f69fd50337dff8b11ac58efa306ddf2e7dce,5661
data/raw/applications/PolkaFlow.md,https://raw.githubusercontent.com/w3f/Grants-Program/master/applications/dotly.md,2026-08-08T17:54:42.475921+00:00,7f88aaf6f92f1580f49ff31f2d22990e79c7ccbd3d976e50c3009cf88111853f,11789
data/raw/applications/polkaj_android_support.md,https://raw.githubusercontent.com/w3f/Grants-Program/master/applications/epirus_substrate_explorer.md,2026-08-08T17:54:42.475921+00:00,8dcc1b0f63fb0e002fcf0df29cea49e9d908cbed7fa35f1fb202cfbda4d783f1,18308
data/raw/applications/polkakey.md,https://raw.githubusercontent.com/w3f/Grants-Program/master/applications/PolkaKey.md,2026-08-08T17:54:42.475921+00:00,5403773ca5eac15406da8417fffbee30696f9b11a482b2736da8fac86c1948f4,3174
data/raw/applications/polkamask.md,https://raw.githubusercontent.com/w3f/Grants-Program/master/applications/polkamask.md,2026-08-08T17:54:42.475921+00:00,5aa426f9906baf2d56c33de4edbf9866c00344777d32f4255a4dd7ae9aeec7e9,10815
data/raw/applications/polkamusic.md,https://raw.githubusercontent.com/w3f/Grants-Program/master/applications/polkamusic.md,2026-08-08T17:54:42.475921+00:00,7823d83dc1cfbe3132478f6376ec59a3daaec69762bca1f8e98701aa230dea4f,21130
data/raw/applications/polkashots.md,https://raw.githubusercontent.com/w3f/Grants-Program/master/applications/polkashots.md,2026-08-08T17:54:42.475921+00:00,93c912c05a5740c0fb6ab795a86b412955b63cb2477565d275eb0efdaccd8b15,7821
data/raw/applications/polkastats.md,https://raw.githubusercontent.com/w3f/Grants-Program/master/applications/polkastats.md,2026-08-08T17:54:42.475921+00:00,d295d3647e0d897e446eb28dce15ae2afd2a81d7be41907c6bc81dc4e4cc52c7,11773
data/raw/applications/polk-auction.md,https://raw.githubusercontent.com/w3f/Grants-Program/master/applications/polk-auction.md,2026-08-08T17:54:42.475921+00:00,3905e653532c7323e2cc1a752b5bf95d9cb60726f100dcb70a706e16b8850d24,16830
data/raw/deliveries/polk-auction-milestone_1.md,https://raw.githubusercontent.com/w3f/Grant-Milestone-Delivery/master/deliveries/polk-auction-milestone_1.md,2026-08-08T17:54:42.475921+00:00,4c179d61cecba896856ddf0cfca8e10bd6b9e02fb301de015e0005caf561d22e,2148
data/raw/deliveries/polk-auction-milestone_2.md,https://raw.githubusercontent.com/w3f/Grant-Milestone-Delivery/master/deliveries/polk-auction-milestone_2.md,2026-08-08T17:54:42.475921+00:00,761fb01b31e3a72c1c38caf3936a935794b8f8389539a874f227a8da5ff60c0a,2250
data/raw/deliveries/polk-auction-milestone_3.md,https://raw.githubusercontent.com/w3f/Grant-Milestone-Delivery/master/deliveries/polk-auction-milestone_3.md,2026-08-08T17:54:42.475921+00:00,1db78dead0a782b9b012c0fd25056d8145740df1c62375697f5fe4a3800f8a4e,2479
data/raw/applications/polket_toearnfun.md,https://raw.githubusercontent.com/w3f/Grants-Program/master/applications/polket_toearnfun.md,2026-08-08T17:54:42.475921+00:00,28530e7c644dfdd62dc91b2c030a323df5112a4939ea91ce20b93255dee641fc,30038
data/raw/deliveries/polket_toearnfun-milestone_1.md,https://raw.githubusercontent.com/w3f/Grant-Milestone-Delivery/master/deliveries/polket_toearnfun-milestone_1.md,2026-08-08T17:54:42.475921+00:00,6fe2e55aacd0a2d87a3229f506530e5634ec92f4f0f72ab85f6310487b9737e6,5541
data/raw/deliveries/polket_toearnfun-milestone_2.md,https://raw.githubusercontent.com/w3f/Grant-Milestone-Delivery/master/deliveries/polket_toearnfun-milestone_2.md,2026-08-08T17:54:42.475921+00:00,998d814c752c15c8c2c17224933393d6573f645103cde9f980cde8e6f7b797a2,4556
data/raw/applications/pontem-network.md,https://raw.githubusercontent.com/w3f/Grants-Program/master/applications/Substrate_Move_System_Pallet_1.md,2026-08-08T17:54:42.475921+00:00,d6ab22494c7b6d984888f600422811ba9c19d5e11780ea46d39446d1e85ce202,13973
data/raw/applications/PRIMIS.md,https://raw.githubusercontent.com/w3f/Grants-Program/master/applications/Primis.md,2026-08-08T17:54:42.475921+00:00,792250c3a2e7f35e2bf5810690eb9222474d9af2b680b3140e3077e180d744e4,6151
data/raw/applications/PrivaDEX_aggregator.md,https://raw.githubusercontent.com/w3f/Grants-Program/master/applications/PrivaDEX_aggregator.md,2026-08-08T17:54:42.475921+00:00,d1c6fde46608d25318cd49b16cd4c15049c9f5007dc51a5b6dd7ca521f7fe128,20066
data/raw/applications/Profond.md,https://raw.githubusercontent.com/w3f/Grants-Program/master/applications/Profond.md,2026-08-08T17:54:42.475921+00:00,10200b6923f02c035072c2cad6e75a89a36c90db17c7617dea1248fd320b98ad,9150
data/raw/applications/project_aurras_mvp_phase.md,https://raw.githubusercontent.com/w3f/Grants-Program/master/applications/project_aurras_mvp_phase_2.md,2026-08-08T17:54:42.475921+00:00,4e7a14ae99ebcf387e0a1a806fd031367fad1bd545f1fdbcfec24fd1a5a394c9,20709
data/raw/applications/psc.md,https://raw.githubusercontent.com/w3f/Grants-Program/master/applications/psc.md,2026-08-08T17:54:42.475921+00:00,106fc5057b57ab56242ad49857c028a8503e9843c64eab2a2c1a427953beb4bf,9376
data/raw/applications/qrucial_dao.md,https://raw.githubusercontent.com/w3f/Grants-Program/master/applications/dotnix-follow-up.md,2026-08-08T17:54:42.475921+00:00,e954904b64f94fd8612e404cae61348e5f9b6ae669c6209c050638f0d685da73,15905
data/raw/applications/QSTN.md,https://raw.githubusercontent.com/w3f/Grants-Program/master/applications/QSTN.md,2026-08-08T17:54:42.475921+00:00,89392a589d2f0ab7153412b3c9ab8b0afb06fae0ad569f4600a0d0547b8c5022,20970
data/raw/deliveries/QSTN-milestone_1.md,https://raw.githubusercontent.com/w3f/Grant-Milestone-Delivery/master/deliveries/QSTN-milestone_1.md,2026-08-08T17:54:42.475921+00:00,eee9244e5ac4ed3f07b987798a7b2a304b661fa7a567e9f1de39b8a2213b7857,10578
data/raw/applications/quadratic-funding.md,https://raw.githubusercontent.com/w3f/Grants-Program/master/applications/quadratic-funding.md,2026-08-08T17:54:42.475921+00:00,57dc773681917485aefb0a069e04456fe09282e0df6ee10c69ce7749ffc880ff,16175
data/raw/applications/quadratic-funding-pallet.md,https://raw.githubusercontent.com/w3f/Grants-Program/master/applications/dora-factory-molochdao-v1-v2.md,2026-08-08T17:54:42.475921+00:00,c17f7f8c22d6dcbe80f840cbd52ec531e90aee49b6a813be28a8741e8c3ff9b8,8182
data/raw/applications/queryWeb3.md,https://raw.githubusercontent.com/w3f/Grants-Program/master/applications/queryWeb3.md,2026-08-08T17:54:42.475921+00:00,aaaadb16a36eac9ab5db5a9bdeff7d41b47444cf002fa034295b802b68d05e9a,20539
data/raw/applications/rb_substrate_client.md,https://raw.githubusercontent.com/w3f/Grants-Program/master/applications/rb_substrate_client.md,2026-08-08T17:54:42.475921+00:00,a35e0d77795452c1fa9a32ae65e7aa136f87f631c716ec667d11fc3de020b2b1,5080
data/raw/applications/regionx.md,https://raw.githubusercontent.com/w3f/Grants-Program/master/applications/RegionX.md,2026-08-08T17:54:42.475921+00:00,1f5fb88341a3c6549490703c258225e64c38e38e4395b82336eecfa6a6be412f,24437
data/raw/applications/relaycode.md,https://raw.githubusercontent.com/w3f/Grants-Program/master/applications/relaycode.md,2026-08-08T17:54:42.475921+00:00,8f30662102c318822e44d2aad19a8a0d0ad2719fe0b1cee6a16a988f58f18955,13089
data/raw/deliveries/relaycode-milestone_1.md,https://raw.githubusercontent.com/w3f/Grant-Milestone-Delivery/master/deliveries/relaycode-milestone_1.md,2026-08-08T17:54:42.475921+00:00,f5606d9cc14b88b9dfe277ec0071bc7c30c99dccbfe210bcf9246afcfdb06359,3383
data/raw/deliveries/relaycode-milestone_2.md,https://raw.githubusercontent.com/w3f/Grant-Milestone-Delivery/master/deliveries/relaycode-milestone_2.md,2026-08-08T17:54:42.475921+00:00,8da878114d2de5f2042ac26d99487542210cbdd3ce1ba41161fd9ddc667cb987,5580
data/raw/applications/research-feasibility-go-runtime.md,https://raw.githubusercontent.com/w3f/Grants-Program/master/applications/Polkadot-Protocol-Conformance-Tests.md,2026-08-08T17:54:42.475921+00:00,55d86b00e1047a5046b3977c46811bd48c9a9486e1c176b7b2d0ff79dc7a0a52,13506
data/raw/applications/research-feasibiliy-java-host.md,https://raw.githubusercontent.com/w3f/Grants-Program/master/applications/research-feasibiliy-java-host.md,2026-08-08T17:54:42.475921+00:00,220d2248f4f740bfad1c408ec63695eb480a0366bb6d87591d2810c2fd51d182,14207
data/raw/applications/roloi.md,https://raw.githubusercontent.com/w3f/Grants-Program/master/applications/Roloi.md,2026-08-08T17:54:42.475921+00:00,d57b10b5ca4d6ff22465f03e17a66a656df5146a5d2531e28b566927ef0c5ac6,11629
data/raw/applications/roloi-xcm-payment-automation.md,https://raw.githubusercontent.com/w3f/Grants-Program/master/applications/roloi-xcm-payment-automation.md,2026-08-08T17:54:42.475921+00:00,0b604fc5d1586068e08b9cbbe5d47d8d702a569dc456b7bf363bc58515592f86,11210
data/raw/applications/Rubeus_keeper.md,https://raw.githubusercontent.com/w3f/Grants-Program/master/applications/Rubeus_keeper_st2.md,2026-08-08T17:54:42.475921+00:00,17288e4a46318b0b83aeeafbc8fa7a5eb4389a8ff009539ff425c51a9723f7d8,11466
data/raw/applications/Rubeus_keeper_st2.md,https://raw.githubusercontent.com/w3f/Grants-Program/master/applications/Rubeus_keeper_st2.md,2026-08-08T17:54:42.475921+00:00,17288e4a46318b0b83aeeafbc8fa7a5eb4389a8ff009539ff425c51a9723f7d8,11466
data/raw/applications/ruby.md,https://raw.githubusercontent.com/w3f/Grants-Program/master/applications/RubyProtocol.md,2026-08-08T17:54:42.475921+00:00,4327f0fa545a0434d00d5360e21752297baa212c3c2f24ac7a16484840008b42,34436
data/raw/applications/rv_kmir.md,https://raw.githubusercontent.com/w3f/Grants-Program/master/applications/rv-kmir.md,2026-08-08T17:54:42.475921+00:00,ee1fc9aa593572e3a00f1b9b90b74f5aba665b77070c31bf1858e125a1c12d3c,16094
data/raw/deliveries/rv_kmir-milestone_1.md,https://raw.githubusercontent.com/w3f/Grant-Milestone-Delivery/master/deliveries/rv_kmir-milestone_1.md,2026-08-08T17:54:42.475921+00:00,bd1f800bb722d88371c8545e44ce69a9eb0521a11e208afd7656bf2ed363c6ae,2717
data/raw/deliveries/rv_kmir-milestone_2.md,https://raw.githubusercontent.com/w3f/Grant-Milestone-Delivery/master/deliveries/rv_kmir-milestone_2.md,2026-08-08T17:54:42.475921+00:00,987f56f53a862af323a3d026cd984be76bcabda41f12a584ae8aafd978154156,2138
data/raw/deliveries/rv_kmir-milestone_3.md,https://raw.githubusercontent.com/w3f/Grant-Milestone-Delivery/master/deliveries/rv_kmir-milestone_3.md,2026-08-08T17:54:42.475921+00:00,c5b5a2c0e6b5d5ef371102e3e52dd3c8499b1f1369b48dddd500b5986ec67a53,1956
data/raw/deliveries/rv_kmir-milestone_4.md,https://raw.githubusercontent.com/w3f/Grant-Milestone-Delivery/master/deliveries/rv_kmir-milestone_4.md,2026-08-08T17:54:42.475921+00:00,c06e3cc4f8787167b2209b14ed6ba41dc4d187bdc93a69cc58f667f41c7b28d0,1795
data/raw/applications/SaaS3.md,https://raw.githubusercontent.com/w3f/Grants-Program/master/applications/SaaS3.md,2026-08-08T17:54:42.475921+00:00,b63b6a67cf5cbf58eac1adf465c29e43242c6c9183589bf0c1eb4b53551020ff,22087
data/raw/deliveries/SaaS3-milestone_1.md,https://raw.githubusercontent.com/w3f/Grant-Milestone-Delivery/master/deliveries/SaaS3-milestone_1.md,2026-08-08T17:54:42.475921+00:00,41b4be528cfcdc3725a2fb07f3f7f103386134f9c5efb51ee01c9b8948124def,2915
data/raw/deliveries/SaaS3-milestone_2.md,https://raw.githubusercontent.com/w3f/Grant-Milestone-Delivery/master/deliveries/SaaS3-milestone_2.md,2026-08-08T17:54:42.475921+00:00,8e52d38386103d6d202cde2980fc39e1895cf42939d00da74a5760dbdbb618f1,5160
data/raw/applications/sandox_ms3_delivery.md,https://raw.githubusercontent.com/w3f/Grants-Program/master/applications/sandox.md,2026-08-08T17:54:42.475921+00:00,fc3c739e008312194e3b79e6b40dc6cdb1c2c3c1b556c4ec9f80462c847bb44c,10348
data/raw/applications/Sandox_st1_ms1_delivery.md,https://raw.githubusercontent.com/w3f/Grants-Program/master/applications/sandox.md,2026-08-08T17:54:42.475921+00:00,fc3c739e008312194e3b79e6b40dc6cdb1c2c3c1b556c4ec9f80462c847bb44c,10348
data/raw/applications/Sandox_st1_ms2_delivery.md,https://raw.githubusercontent.com/w3f/Grants-Program/master/applications/sandox.md,2026-08-08T17:54:42.475921+00:00,fc3c739e008312194e3b79e6b40dc6cdb1c2c3c1b556c4ec9f80462c847bb44c,10348
data/raw/applications/sarp-basic-functionality.md,https://raw.githubusercontent.com/w3f/Grants-Program/master/applications/pallet-verifier.md,2026-08-08T17:54:42.475921+00:00,a779a2bf2a4899b726532c21783e71af158b948476bb6859bcdcd8177fcd916f,53235
data/raw/applications/scale-codec-comparator.md,https://raw.githubusercontent.com/w3f/Grants-Program/master/applications/JsonRpsee-socks5-proxy.md,2026-08-08T17:54:42.475921+00:00,510eda7726f143d41f8199287700131e69cd2f0a061c5c9d1811462b7721129a,4064
data/raw/applications/ScoutCoinFabrik.md,https://raw.githubusercontent.com/w3f/Grants-Program/master/applications/CoinFabrik_On_Ink_Integration_Tests.md,2026-08-08T17:54:42.475921+00:00,a269243bdb5d2220bdcbb17db05490033f8f8d1dee1c2a426036270334d1125e,14387
data/raw/applications/Security_Marketplace.md,https://raw.githubusercontent.com/w3f/Grants-Program/master/applications/Security_Marketplace.md,2026-08-08T17:54:42.475921+00:00,04fbe68da33ed582b240cc9ae1d8010173091d92f4200aa328113874d19b685f,20412
data/raw/applications/SEOR-code-less-smart-contract-platform.md,https://raw.githubusercontent.com/w3f/Grants-Program/master/applications/SEOR-code-less-smart-contract-platform.md,2026-08-08T17:54:42.475921+00:00,21e67fabb2f77f796eea1fe6939d4b09601442a0f758c2d291c4e195da943386,11550
data/raw/deliveries/SEOR-code-less-smart-contract-platform-milestone_1.md,https://raw.githubusercontent.com/w3f/Grant-Milestone-Delivery/master/deliveries/SEOR-code-less-smart-contract-platform-milestone_1.md,2026-08-08T17:54:42.475921+00:00,15b29c8bd72370d95cf9edcb70d6bc1179e23c86f88aa87895848760b48d54a5,3254
data/raw/deliveries/SEOR-code-less-smart-contract-platform-milestone_2.md,https://raw.githubusercontent.com/w3f/Grant-Milestone-Delivery/master/deliveries/SEOR-code-less-smart-contract-platform-milestone_2.md,2026-08-08T17:54:42.475921+00:00,5b1fef87ccfc0a1d6e006e85e36a0ba06b6a9eed0663694efb238bb351555067,2890
data/raw/applications/sequester.md,https://raw.githubusercontent.com/w3f/Grants-Program/master/applications/sequester.md,2026-08-08T17:54:42.475921+00:00,b9a9e31280a8e4de3acae5b9ff099bdcc813326d58af5da0150f466db55ce2d2,7485
data/raw/applications/shadows-network.md,https://raw.githubusercontent.com/w3f/Grants-Program/master/applications/shadows-network.md,2026-08-08T17:54:42.475921+00:00,e694d8a2859822488e83fef1ad6984e0145a9f6fe454aedd75faa88d653da785,14772
data/raw/applications/Shivarthu.md,https://raw.githubusercontent.com/w3f/Grants-Program/master/applications/Shivarthu.md,2026-08-08T17:54:42.475921+00:00,6e9d7c2ea452b0a1421517b6703c002e7330f53b725364b543cf3720203c6769,13720
data/raw/applications/signac.md,https://raw.githubusercontent.com/w3f/Grants-Program/master/applications/signac.md,2026-08-08T17:54:42.475921+00:00,7e471d52c6d8ae2ea38fc6f6e43f3ff8287e9069f4bc00b75b64bafc52dfcee6,9067
data/raw/applications/signet.md,https://raw.githubusercontent.com/w3f/Grants-Program/master/applications/signet.md,2026-08-08T17:54:42.475921+00:00,c02bedc9eae475db31a2c9914b1154ea0a6bd05106f5eda14c42f6f401c156b3,22843
data/raw/deliveries/signet-milestone_1.md,https://raw.githubusercontent.com/w3f/Grant-Milestone-Delivery/master/deliveries/signet-milestone_1.md,2026-08-08T17:54:42.475921+00:00,aded8022c3dbbfb51718bc52c3ffa848a2b160ac743b9c15db47d58923d6cfb5,4916
data/raw/deliveries/silent_data-milestone_1.md,https://raw.githubusercontent.com/w3f/Grant-Milestone-Delivery/master/deliveries/silent_data-milestone_1.md,2026-08-08T17:54:42.475921+00:00,8ae99da1cecfb23648c6c3e396e462647f1257f8e758f7b4cf3d33738c6e7504,2809
data/raw/applications/sirato-substrate-explorer-phase3.md,https://raw.githubusercontent.com/w3f/Grants-Program/master/applications/epirus_substrate_phase_2.md,2026-08-08T17:54:42.475921+00:00,a48346ba0aac2cd65fca041f1a449f04e87c2da884c61ba198c96c94570f4d09,13656
data/raw/applications/skyekiwi-protocol.md,https://raw.githubusercontent.com/w3f/Grants-Program/master/applications/choko_wallet.md,2026-08-08T17:54:42.475921+00:00,71a780fe04b061c3a28c187d35f744c56bde6d18c4b7346e63ca826199471c2b,14857
data/raw/applications/skyepass.md,https://raw.githubusercontent.com/w3f/Grants-Program/master/applications/skyepass.md,2026-08-08T17:54:42.475921+00:00,2edb574bca734925b61f0854a8295be847f96ae31c0531a29909bf5c0d4540e1,21402
data/raw/applications/skynet-substrate-integration.md,https://raw.githubusercontent.com/w3f/Grants-Program/master/applications/skynet-substrate-integration.md,2026-08-08T17:54:42.475921+00:00,ac0c03851db9ae59dc688a0ff1cb903e54c42bd846cf31b0083d121a9d22c7ac,19763
data/raw/applications/slonigiraf.md,https://raw.githubusercontent.com/w3f/Grants-Program/master/applications/slonigiraf.md,2026-08-08T17:54:42.475921+00:00,0e80397ff808d4dbe2b035b21385d997b942fb3ed14dfed5c8b774293c174da9,15353
data/raw/applications/slothunter.md,https://raw.githubusercontent.com/w3f/Grants-Program/master/applications/polkadot-runtime-releaser.md,2026-08-08T17:54:42.475921+00:00,c6655320aa329a30f8b38ee64feb1baff0e75225ba886f965a6942a34b113c17,7717
data/raw/deliveries/slothunter-milestone_1.md,https://raw.githubusercontent.com/w3f/Grant-Milestone-Delivery/master/deliveries/slothunter-milestone_1.md,2026-08-08T17:54:42.475921+00:00,1d0a538c1d3948c61b76ae6d97bbdbae7e8b5dbecfd74d44155e74dd5d3b013f,2958
data/raw/deliveries/slothunter-milestone_2.md,https://raw.githubusercontent.com/w3f/Grant-Milestone-Delivery/master/deliveries/slothunter-milestone_2.md,2026-08-08T17:54:42.475921+00:00,8f38026abbe75e454ed37a63550c7eba78e5e0eaf64cc3b62239119aef4697dd,1785
data/raw/applications/societal.md,https://raw.githubusercontent.com/w3f/Grants-Program/master/applications/Societal.md,2026-08-08T17:54:42.475921+00:00,af4536dbb69f6433dcf695a337a94021c2103f2a38af8b493c759a519267c065,17244
data/raw/applications/societal-grant.md,https://raw.githubusercontent.com/w3f/Grants-Program/master/applications/Societal.md,2026-08-08T17:54:42.475921+00:00,af4536dbb69f6433dcf695a337a94021c2103f2a38af8b493c759a519267c065,17244
data/raw/applications/sol2ink.md,https://raw.githubusercontent.com/w3f/Grants-Program/master/applications/sol2ink.md,2026-08-08T17:54:42.475921+00:00,6750cfd670599e3bfdf606d887b50fa00d8df8c3c715c5f9ea437df02557e646,11862
data/raw/applications/sol2ink-delivery.md,https://raw.githubusercontent.com/w3f/Grants-Program/master/applications/sol2ink-follow-up.md,2026-08-08T17:54:42.475921+00:00,ed2983fd0159ef67dd3f676518225df07bb0214c69ed84c3403f16d752efb9be,14766
data/raw/applications/Solang-developer-experience-improvements.md,https://raw.githubusercontent.com/w3f/Grants-Program/master/applications/ink-pallet-benchmarking-phase-2.md,2026-08-08T17:54:42.475921+00:00,832793b96cc885328131d74af39d8f4f9ca654812a857049148830fcbe067c56,7298
data/raw/applications/Solang_Playground.md,https://raw.githubusercontent.com/w3f/Grants-Program/master/applications/Solang_Playground.md,2026-08-08T17:54:42.475921+00:00,e245d3db2810e0770b73c400829c9c0da1fd84dcc2e5d5778117ce92e08b8f78,16812
data/raw/deliveries/Solang_Playground-milestone_1.md,https://raw.githubusercontent.com/w3f/Grant-Milestone-Delivery/master/deliveries/Solang_Playground-milestone_1.md,2026-08-08T17:54:42.475921+00:00,78a15f847fd859d9109d840afd5fd293909bb59e89f41d751fee687e6f717e65,2279
data/raw/deliveries/Solang_Playground-milestone_2.md,https://raw.githubusercontent.com/w3f/Grant-Milestone-Delivery/master/deliveries/Solang_Playground-milestone_2.md,2026-08-08T17:54:42.475921+00:00,6a2d14c82f86f7abe4a3b7f170e8285dd902bfb4e31b163b135c50748344228e,1622
data/raw/deliveries/Solang_Playground-milestone_3.md,https://raw.githubusercontent.com/w3f/Grant-Milestone-Delivery/master/deliveries/Solang_Playground-milestone_3.md,2026-08-08T17:54:42.475921+00:00,7313fa75b92191b1da9c29a55bd1152b247a67610e3b88d980d14699ec168f72,1502
data/raw/deliveries/Solang_Playground-milestone_4.md,https://raw.githubusercontent.com/w3f/Grant-Milestone-Delivery/master/deliveries/Solang_Playground-milestone_4.md,2026-08-08T17:54:42.475921+00:00,dccd91c72700070b3f9feff29ab7c27ac51e8d74dc02aefbc8dfc68163e9153e,1476
data/raw/applications/solidity-trie-verifier.md,https://raw.githubusercontent.com/w3f/Grants-Program/master/applications/ismp.md,2026-08-08T17:54:42.475921+00:00,5245a9b570e02fcdd5659e43600822738758829f306ee7ba16420b6dbd797a14,13125
data/raw/deliveries/solidity-trie-verifier-milestone_1.md,https://raw.githubusercontent.com/w3f/Grant-Milestone-Delivery/master/deliveries/solidity-trie-verifier-milestone_1.md,2026-08-08T17:54:42.475921+00:00,4096ec3aab72b3394b488167649000d903298de416d9ef4eae0c3fc51e5e5161,22517
data/raw/applications/solidity-verifier-for-accountable-light-client.md,https://raw.githubusercontent.com/w3f/Grants-Program/master/applications/NFT_Bridge_Protocol_for_NFT_Migration_and_Data_Exchange.md,2026-08-08T17:54:42.475921+00:00,1606c78eef4f1dbb17745f1002df164cbba31957775cbe28b61c2b9fd3e35af3,14236
data/raw/applications/spacewalk.md,https://raw.githubusercontent.com/w3f/Grants-Program/master/applications/spacewalk-bridge.md,2026-08-08T17:54:42.475921+00:00,99200636b25836ed6a0d2f4e90beefae2b6109ca08bb21d48a23c5fba72db1b7,17414
data/raw/deliveries/spacewalk-milestone_1.md,https://raw.githubusercontent.com/w3f/Grant-Milestone-Delivery/master/deliveries/spacewalk-milestone_1.md,2026-08-08T17:54:42.475921+00:00,2fe48e4d2d8ed391e99181daa351c5894e21d04518ebbf67d958a53228d67378,3232
data/raw/deliveries/spacewalk-milestone_2.md,https://raw.githubusercontent.com/w3f/Grant-Milestone-Delivery/master/deliveries/spacewalk-milestone_2.md,2026-08-08T17:54:42.475921+00:00,20d1b08a265c52cdd8e58cab2293e180fd0a4b81e2acbad1958764ea0c252130,5004
data/raw/applications/spartan_poc_consensus_module.md,https://raw.githubusercontent.com/w3f/Grants-Program/master/applications/spartan_poc_consensus_module.md,2026-08-08T17:54:42.475921+00:00,6d42282f755a45473a0d8fb93583f1fa3fb9a0d0900d24b0ace33a5930d2503e,23783
data/raw/deliveries/spartan_poc_consensus_module-milestone_1.md,https://raw.githubusercontent.com/w3f/Grant-Milestone-Delivery/master/deliveries/spartan_poc_consensus_module-milestone_1.md,2026-08-08T17:54:42.475921+00:00,9f2c7f8ca0d88c8e9febc1f0f1f9fa2df049af28236ff5f477b899af4dda042c,2425
data/raw/deliveries/spartan_poc_consensus_module-milestone_2.md,https://raw.githubusercontent.com/w3f/Grant-Milestone-Delivery/master/deliveries/spartan_poc_consensus_module-milestone_2.md,2026-08-08T17:54:42.475921+00:00,dd624590018855479797281b643cb758dd12e4e80a94ddbf5595f72baccac6d0,2416
data/raw/deliveries/spartan_poc_consensus_module-milestone_3.md,https://raw.githubusercontent.com/w3f/Grant-Milestone-Delivery/master/deliveries/spartan_poc_consensus_module-milestone_3.md,2026-08-08T17:54:42.475921+00:00,b7daf414e11db6c9383b527877bb4827f0ae9198bee6f908e2352626245e818a,2782
data/raw/applications/sr25519_donna.md,https://raw.githubusercontent.com/w3f/Grants-Program/master/applications/sr25519_donna.md,2026-08-08T17:54:42.475921+00:00,e7c2a101e9eeaa39936ef93b3834dfe1e48293b1ad61183de26f401d23e667b8,4395
data/raw/applications/ssal.md,https://raw.githubusercontent.com/w3f/Grants-Program/master/applications/ssal-commods-dex.md,2026-08-08T17:54:42.475921+00:00,a74f63c2bb84e5334101bfdddc112891c989231b92f41d0157e8570a02b4adad,26434
data/raw/applications/stable-asset.md,https://raw.githubusercontent.com/w3f/Grants-Program/master/applications/stable-asset.md,2026-08-08T17:54:42.475921+00:00,0c1611056e3b0a6f8f7d40148d8f643d8decbf7fdd307e6ab2157041c22a7b16,11405
data/raw/applications/staking-rewards-viewer.md,https://raw.githubusercontent.com/w3f/Grants-Program/master/applications/staking_rewards.md,2026-08-08T17:54:42.475921+00:00,9715cfab9c658bd204295881d57e2190275e919b09dc962e18093aabe2b7450c,6934
data/raw/applications/Standard_Protocol.md,https://raw.githubusercontent.com/w3f/Grants-Program/master/applications/new-order.md,2026-08-08T17:54:42.475921+00:00,b2dfd197968316e6f76fcb523f04eeaa9109dd05f28445df699e885305068065,11658
data/raw/applications/Stardust.md,https://raw.githubusercontent.com/w3f/Grants-Program/master/applications/stardust.md,2026-08-08T17:54:42.475921+00:00,a6f6dbb09b344c929575b15e2fec3121dac7b531ab89accabd41f5bf74574619,20544
data/raw/applications/starks_network.md,https://raw.githubusercontent.com/w3f/Grants-Program/master/applications/starks_network.md,2026-08-08T17:54:42.475921+00:00,3496f0480bbc5b2778a10a6169c522c96f2356b682497b2288106f6a978f1d66,16468
data/raw/applications/Starry_Network.md,https://raw.githubusercontent.com/w3f/Grants-Program/master/applications/Starry_Network.md,2026-08-08T17:54:42.475921+00:00,40dcfb7aa011f2a44bd9c69556e223b3de8c989ac9b13ec4b2cec8571943d815,6317
data/raw/applications/stone-index-on-substrate.md,https://raw.githubusercontent.com/w3f/Grants-Program/master/applications/stone-index-on-substrate.md,2026-08-08T17:54:42.475921+00:00,8a0d0a19acd1d1cbfc3628c5755fea5c200e1451deddbdea37a41209322adda2,10071
data/raw/applications/Stylograph.md,https://raw.githubusercontent.com/w3f/Grants-Program/master/applications/Stylograph.md,2026-08-08T17:54:42.475921+00:00,364f1ca701d7f0107ad4ceea2b72ceb9e259e09d800ac07ac0c34d6c7912c767,15454
data/raw/applications/subalfred.md,https://raw.githubusercontent.com/w3f/Grants-Program/master/applications/polkadot-runtime-releaser.md,2026-08-08T17:54:42.475921+00:00,c6655320aa329a30f8b38ee64feb1baff0e75225ba886f965a6942a34b113c17,7717
data/raw/deliveries/subalfred-milestone_1.md,https://raw.githubusercontent.com/w3f/Grant-Milestone-Delivery/master/deliveries/subalfred-milestone_1.md,2026-08-08T17:54:42.475921+00:00,5fd6381f2319badde12b29d2e8c9ea44f6cae7051c412edf8f8439b276a137c3,4399
data/raw/deliveries/subalfred-milestone_2.md,https://raw.githubusercontent.com/w3f/Grant-Milestone-Delivery/master/deliveries/subalfred-milestone_2.md,2026-08-08T17:54:42.475921+00:00,09620d91a99c2b9cb35db6365785f4f428b4446a931f28eed76e7198a35be82a,2291
data/raw/deliveries/subalfred-milestone_3.md,https://raw.githubusercontent.com/w3f/Grant-Milestone-Delivery/master/deliveries/subalfred-milestone_3.md,2026-08-08T17:54:42.475921+00:00,f111c6fbbc9967b3ecf622b7eabb6b0e6b67649b42fad0830ad592d77fe03d13,3278
data/raw/applications/subauction.md,https://raw.githubusercontent.com/w3f/Grants-Program/master/applications/subauction.md,2026-08-08T17:54:42.475921+00:00,7b5d1af44a2fd067d49edda7d85de1334dab7e1c7618c275b2b917b8ab48d90b,16798
data/raw/deliveries/subauction-milestone_1.md,https://raw.githubusercontent.com/w3f/Grant-Milestone-Delivery/master/deliveries/subauction-milestone_1.md,2026-08-08T17:54:42.475921+00:00,2442be410f333658865218bbca9f96db0ee8742fee549fedd381b3138109b2e3,1354
data/raw/deliveries/subauction-milestone_2.md,https://raw.githubusercontent.com/w3f/Grant-Milestone-Delivery/master/deliveries/subauction-milestone_2.md,2026-08-08T17:54:42.475921+00:00,68885539c44ab89ab9037ff6e36610d8c71bd2f0b4a6a4fc1d2f31d6021aea34,1403
data/raw/applications/subcoin.md,https://raw.githubusercontent.com/w3f/Grants-Program/master/applications/Subcoin.md,2026-08-08T17:54:42.475921+00:00,9c59341c62a441e1b740c9f91786d960e3f5abd4a696451d8d9e849ec1239114,9736
data/raw/applications/subdao-network.md,https://raw.githubusercontent.com/w3f/Grants-Program/master/applications/SubDAO_Network.md,2026-08-08T17:54:42.475921+00:00,5d75728b4d0e9ad50d3407848c2f4200f0215b6fecc7a5274e80e5d8b24aaf11,16694
data/raw/applications/subdao-network_chrome_extension.md,https://raw.githubusercontent.com/w3f/Grants-Program/master/applications/SubDAO_Network.md,2026-08-08T17:54:42.475921+00:00,5d75728b4d0e9ad50d3407848c2f4200f0215b6fecc7a5274e80e5d8b24aaf11,16694
data/raw/applications/subdao-network_polkasign.md,https://raw.githubusercontent.com/w3f/Grants-Program/master/applications/SubDAO_Network.md,2026-08-08T17:54:42.475921+00:00,5d75728b4d0e9ad50d3407848c2f4200f0215b6fecc7a5274e80e5d8b24aaf11,16694
data/raw/applications/subdex.md,https://raw.githubusercontent.com/w3f/Grants-Program/master/applications/subdex.md,2026-08-08T17:54:42.475921+00:00,0ef2687af1a4f17efbeab6752d84a98167400409b7cdaad559de8877fba7c62a,9914
data/raw/applications/SubGame_Network.md,https://raw.githubusercontent.com/w3f/Grants-Program/master/applications/SubGame_Network.md,2026-08-08T17:54:42.475921+00:00,7b11328b2f3f07e7182d45d2bdcfaaf77c5956b560de84e6fa9045a34b8d7458,10382
data/raw/applications/SubIdentity.md,https://raw.githubusercontent.com/w3f/Grants-Program/master/applications/SubIdentity.md,2026-08-08T17:54:42.475921+00:00,77924ac6ca1f40885e3997535126c746019424056706aef0e3ea2fec748ddf93,10567
data/raw/deliveries/SubIdentity-milestone_1.md,https://raw.githubusercontent.com/w3f/Grant-Milestone-Delivery/master/deliveries/SubIdentity-milestone_1.md,2026-08-08T17:54:42.475921+00:00,803aa3b7b588e0510e1def5a7575f1b36a48df07faeb09aaa3f8207f9290052c,3826
data/raw/deliveries/SubIdentity-milestone_2.md,https://raw.githubusercontent.com/w3f/Grant-Milestone-Delivery/master/deliveries/SubIdentity-milestone_2.md,2026-08-08T17:54:42.475921+00:00,da2c90e31c04daf1e4d4a0c691cd84dcdd8f29ff14351335d6ca01c554e7ea6e,5833
data/raw/deliveries/SubIdentity-milestone_3.md,https://raw.githubusercontent.com/w3f/Grant-Milestone-Delivery/master/deliveries/SubIdentity-milestone_3.md,2026-08-08T17:54:42.475921+00:00,03135afe3c47bb7273bbfaa8d3b6b537b2a2ec5e2a07dda3e292be4ff8be16c0,5847
data/raw/applications/subquery.md,https://raw.githubusercontent.com/w3f/Grants-Program/master/applications/subquery.md,2026-08-08T17:54:42.475921+00:00,05a1f08fc4a700567d41dd97001ee6111dec4fb5d009c8ee685d22df6ff7458d,8587
data/raw/applications/SubRelay.md,https://raw.githubusercontent.com/w3f/Grants-Program/master/applications/subrelay.md,2026-08-08T17:54:42.475921+00:00,80375ab4f5d00d7a23c4a4ffe1f618e7daf74bfacc499e5a10fcb728ddb34084,16452
data/raw/applications/subscript_lang.md,https://raw.githubusercontent.com/w3f/Grants-Program/master/applications/subscript_lang.md,2026-08-08T17:54:42.475921+00:00,73b74a379075b1b814e51e1ee71971b9919a78701e24b8fb1faf781b19b8f3c1,6156
data/raw/applications/SubsCrypt.md,https://raw.githubusercontent.com/w3f/Grants-Program/master/applications/SubsCrypt.md,2026-08-08T17:54:42.475921+00:00,96137c3dfa8cb175a9f167e0f43d5c30e189dc8638d37a801bd7a333eb421305,16408
data/raw/applications/subsmt.md,https://raw.githubusercontent.com/w3f/Grants-Program/master/applications/subsmt.md,2026-08-08T17:54:42.475921+00:00,e50ddc632bf3a1b33fe50ea30a72a785c247b008f5f097b97a3402e8007a92d9,13374
data/raw/applications/Substats.md,https://raw.githubusercontent.com/w3f/Grants-Program/master/applications/substats.md,2026-08-08T17:54:42.475921+00:00,7a6b9375250cdcf792bf0c77ba3ae078a49f99fa417b1c965ee7ef04fc59c4fe,19897
data/raw/applications/substrate_client_java.md,https://raw.githubusercontent.com/w3f/Grants-Program/master/applications/Deitos_Network.md,2026-08-08T17:54:42.475921+00:00,555b63a875c1ac0020388c5bf1d173902693370d3f68de1f296bc4aa1c59c2fe,27755
data/raw/deliveries/substrate_client_java-milestone_1.md,https://raw.githubusercontent.com/w3f/Grant-Milestone-Delivery/master/deliveries/substrate_client_java-milestone_1.md,2026-08-08T17:54:42.475921+00:00,44f6d87d05b13d3cd8cfa71751278a2ff109af91a05493726c95991474966a29,1614
data/raw/deliveries/substrate_client_java-milestone_2.md,https://raw.githubusercontent.com/w3f/Grant-Milestone-Delivery/master/deliveries/substrate_client_java-milestone_2.md,2026-08-08T17:54:42.475921+00:00,30adce5f22a3c621362816fa579a1f592c0ebc82ca64c1fb47ea625a6d40811b,2198
data/raw/applications/substrate_core_polywrapper.md,https://raw.githubusercontent.com/w3f/Grants-Program/master/applications/substrate_core_polywrapper.md,2026-08-08T17:54:42.475921+00:00,7eb9b4e1c8c67ecd2ca6284ce7f9022ef115a4c89594678becc614075c1b1f47,16714
data/raw/deliveries/substrate_core_polywrapper-milestone_1.md,https://raw.githubusercontent.com/w3f/Grant-Milestone-Delivery/master/deliveries/substrate_core_polywrapper-milestone_1.md,2026-08-08T17:54:42.475921+00:00,f7683680327f227d0c5cf03e2175d24133154c3ba2c02bbd4e3fa2d20ade4637,3296
data/raw/applications/substrate_evm_adapter.md,https://raw.githubusercontent.com/w3f/Grants-Program/master/applications/substrate-evm-adapter.md,2026-08-08T17:54:42.475921+00:00,fc955ee91c38c7e7bb2fe8ecd80b846e0d609832fac1063085553ea85dfdc9b0,15984
data/raw/applications/Substrate_Move_System_Pallet.md,https://raw.githubusercontent.com/w3f/Grants-Program/master/applications/Substrate_Move_System_Pallet_1.md,2026-08-08T17:54:42.475921+00:00,d6ab22494c7b6d984888f600422811ba9c19d5e11780ea46d39446d1e85ce202,13973
data/raw/applications/substrate_startkit_GUI.md,https://raw.githubusercontent.com/w3f/Grants-Program/master/applications/substrate_startkit_GUI.md,2026-08-08T17:54:42.475921+00:00,198918208ac50cb9db9f41a1a568689f2740e2aa56f0f56380fdfc3057818e9c,6553
data/raw/applications/substrate-tutorials.md,https://raw.githubusercontent.com/w3f/Grants-Program/master/applications/pallet_supersig.md,2026-08-08T17:54:42.475921+00:00,d9ee72d3beaa251591d523aee4848facec3d1cf5eb8fe4a1eed546de237b6949,17467
data/raw/deliveries/substrate-tutorials-milestone_1.md,https://raw.githubusercontent.com/w3f/Grant-Milestone-Delivery/master/deliveries/substrate-tutorials-milestone_1.md,2026-08-08T17:54:42.475921+00:00,d76d1f004dab814678954c0368bf5de34df69640e3915f0245529c76d964b9a8,2623
data/raw/deliveries/substrate-tutorials-milestone_2.md,https://raw.githubusercontent.com/w3f/Grant-Milestone-Delivery/master/deliveries/substrate-tutorials-milestone_2.md,2026-08-08T17:54:42.475921+00:00,0ce62eceb5af8598d31725ee4ae5333183d3c433ef9cc092478e24b13cc72a9c,2095
data/raw/applications/subvt_telegram_bot-milestones-1-and.md,https://raw.githubusercontent.com/w3f/Grants-Program/master/applications/chainviz.md,2026-08-08T17:54:42.475921+00:00,acd345e3eac541ee197b09bbde2fe418b99ca6a9d6ef78f70b7cf1c2bb229e8d,19204
data/raw/applications/subwallet.md,https://raw.githubusercontent.com/w3f/Grants-Program/master/applications/subwallet.md,2026-08-08T17:54:42.475921+00:00,bcfa5fbfc284b4c66ed3252f4d8107221c8cb8bac660b7bb8069e750f2827269,2870
data/raw/applications/subxtpy.md,https://raw.githubusercontent.com/w3f/Grants-Program/master/applications/bison.md,2026-08-08T17:54:42.475921+00:00,31e5b8acc996aa67fe3149910173ef52de0e521882e708d6b9ea19b78d7efcf6,8978
data/raw/applications/supersig_fellowship.md,https://raw.githubusercontent.com/w3f/Grants-Program/master/applications/supersig_fellowship.md,2026-08-08T17:54:42.475921+00:00,0324ec240fa750026ca9e56ca8f6418fa767b79a057592a80ea1bfdf2ac70c06,17935
data/raw/applications/SwarmNL.md,https://raw.githubusercontent.com/w3f/Grants-Program/master/applications/swarm-nl.md,2026-08-08T17:54:42.475921+00:00,2d5448e4b1cd923e57eb731f9a0259ba99977663c3c4137ee83634eb4fbab1d4,14076
data/raw/deliveries/SwarmNL-milestone_1.md,https://raw.githubusercontent.com/w3f/Grant-Milestone-Delivery/master/deliveries/SwarmNL-milestone_1.md,2026-08-08T17:54:42.475921+00:00,bc94efa4140ac010d4722585393f396d9197d721bf9f9f831b51cca9c85b3793,2750
data/raw/deliveries/SwarmNL-milestone_2.md,https://raw.githubusercontent.com/w3f/Grant-Milestone-Delivery/master/deliveries/SwarmNL-milestone_2.md,2026-08-08T17:54:42.475921+00:00,ac59b89764dc27d56884c470c7d795bf29b1cc4197983193cdd1ec82b3029a06,4164
data/raw/deliveries/swift_api-milestone_2.md,https://raw.githubusercontent.com/w3f/Grant-Milestone-Delivery/master/deliveries/swift_api-milestone_2.md,2026-08-08T17:54:42.475921+00:00,b40338ddbeefca84c08cc8fb1f762f955306dd00cc135b27159f414e61bf433c,4044
data/raw/deliveries/swift_api-milestone_3.md,https://raw.githubusercontent.com/w3f/Grant-Milestone-Delivery/master/deliveries/swift_api-milestone_3.md,2026-08-08T17:54:42.475921+00:00,73748071faaa2a5bd69b85f429e5a32d1155c2db483167181e1a578ef4821377,4440
data/raw/applications/swush-dex-aggregator.md,https://raw.githubusercontent.com/w3f/Grants-Program/master/applications/swush-dex-aggregator.md,2026-08-08T17:54:42.475921+00:00,f0fc8fe6ad320aa34f032530e72435efd224c399e1e86f4d0048fdcbec18e195,19176
data/raw/applications/SydTek.md,https://raw.githubusercontent.com/w3f/Grants-Program/master/applications/SydTek.md,2026-08-08T17:54:42.475921+00:00,3c28aee19cb05c71129a6edcd21f2ee781557a6bb4c1d5b80b69239df04cf185,24753
data/raw/applications/tdot.md,https://raw.githubusercontent.com/w3f/Grants-Program/master/applications/tdot.md,2026-08-08T17:54:42.475921+00:00,dac4ba8a455b245e4e0d75e2768d4e95fa884993ab49aadfc9e590be6780d8a4,10381
data/raw/applications/tellor.md,https://raw.githubusercontent.com/w3f/Grants-Program/master/applications/Tellor.md,2026-08-08T17:54:42.475921+00:00,1d48a60d8019e90e10f5e70a07761bba016abe71b4e5a7a0d1089c61b21f3a7b,21058
data/raw/applications/Threshold_Signature.md,https://raw.githubusercontent.com/w3f/Grants-Program/master/applications/ThresholdSignature.md,2026-08-08T17:54:42.475921+00:00,0874d41d8a92cbc96f144c44619cdd23bef9a55946a5d32b3c80444154b947b8,25121
data/raw/deliveries/Threshold_Signature-milestone_1.md,https://raw.githubusercontent.com/w3f/Grant-Milestone-Delivery/master/deliveries/Threshold_Signature-milestone_1.md,2026-08-08T17:54:42.475921+00:00,06813e712ef46d2cfc974dc1aa508977d55e70cf0bab203f17005e77bcd77200,1636
data/raw/deliveries/Threshold_Signature-milestone_2.md,https://raw.githubusercontent.com/w3f/Grant-Milestone-Delivery/master/deliveries/Threshold_Signature-milestone_2.md,2026-08-08T17:54:42.475921+00:00,0ada6f66947bdf54347f96154b61da75d05e199ce55aced0c5b918260b92da2c,1261
data/raw/applications/TogetherCrew_Community_health_check.md,https://raw.githubusercontent.com/w3f/Grants-Program/master/applications/community-health-check.md,2026-08-08T17:54:42.475921+00:00,e26d5044e8aa1601b05cb1c2503e160883aa86387ab5acf287c9af1f890fa27f,26917
data/raw/applications/Tokenguard - Milestone 1 & 2.md,https://raw.githubusercontent.com/w3f/Grants-Program/master/applications/Tokenguard.md,2026-08-08T17:54:42.475921+00:00,0c48a718f9c1cae3dc9abfc92a5c2da91c4f0dc1c58f1e481278283312ac4c59,20557
data/raw/applications/tpscore.md,https://raw.githubusercontent.com/w3f/Grants-Program/master/applications/TPScore.md,2026-08-08T17:54:42.475921+00:00,6890acc6ded7bcbee50fd97efaba54fbd9d27916cd9008ecb8994f679d0d6d71,14528
data/raw/applications/tracking_chain.md,https://raw.githubusercontent.com/w3f/Grants-Program/master/applications/tracking_chain.md,2026-08-08T17:54:42.475921+00:00,4ba143dc3976204038b2087ded9e986203d7f1ac88f9f87e640823afa7c8e13a,22655
data/raw/deliveries/tracking_chain-milestone_1.md,https://raw.githubusercontent.com/w3f/Grant-Milestone-Delivery/master/deliveries/tracking_chain-milestone_1.md,2026-08-08T17:54:42.475921+00:00,b1cca3bc80e8e38d67444da386470393ed1a1986900cdd77454080d75f05dd0d,8698
data/raw/deliveries/tracking_chain-milestone_2.md,https://raw.githubusercontent.com/w3f/Grant-Milestone-Delivery/master/deliveries/tracking_chain-milestone_2.md,2026-08-08T17:54:42.475921+00:00,c2bd9223988eade030fae770e69973b33c76c0b9538c69036f0325dfe052ab0d,4016
data/raw/deliveries/tracking_chain-milestone_3.md,https://raw.githubusercontent.com/w3f/Grant-Milestone-Delivery/master/deliveries/tracking_chain-milestone_3.md,2026-08-08T17:54:42.475921+00:00,53585d67e3747427a7d2257fc2dbf10dad78888b98bb235f38b5de261859ea8a,4878
data/raw/deliveries/tracking_chain-milestone_4.md,https://raw.githubusercontent.com/w3f/Grant-Milestone-Delivery/master/deliveries/tracking_chain-milestone_4.md,2026-08-08T17:54:42.475921+00:00,741438cf2d2df9e216fea21db57549ae6bf0cc7cd27a1d91aa24b913e6f6d9c8,2899
data/raw/applications/TreasuryTracker.md,https://raw.githubusercontent.com/w3f/Grants-Program/master/applications/TreasuryTracker.md,2026-08-08T17:54:42.475921+00:00,d9cc263ee9c2b7669aa709e9178168191f3339a48690ee0cf7e16abc4c6a6fa4,13240
data/raw/deliveries/TreasuryTracker-milestone_1.md,https://raw.githubusercontent.com/w3f/Grant-Milestone-Delivery/master/deliveries/TreasuryTracker-milestone_1.md,2026-08-08T17:54:42.475921+00:00,b95c1446e125e4037bb2bbc31a474d07959ddb146d37932eb68d08a9d4c9c63f,1423
data/raw/applications/TREX_Network.md,https://raw.githubusercontent.com/w3f/Grants-Program/master/applications/TREX_Network.md,2026-08-08T17:54:42.475921+00:00,eb1b1010f5e4f97c8446948f3424a68d89256b0236c3466c7518a733253480fc,28954
data/raw/applications/tribal_protocol.md,https://raw.githubusercontent.com/w3f/Grants-Program/master/applications/tribal_protocol.md,2026-08-08T17:54:42.475921+00:00,a95bb1ac456d413dc386cba9b40d994bce095f83b1e16f7eaa321664fe5d226a,31042
data/raw/applications/tuxedo.md,https://raw.githubusercontent.com/w3f/Grants-Program/master/applications/tux0.md,2026-08-08T17:54:42.475921+00:00,eb6970b6d1f73eb834fd3f4fb4445163bd604f148c83148b980b45a9e3dc740d,17886
data/raw/applications/TuxedoDApp.md,https://raw.githubusercontent.com/w3f/Grants-Program/master/applications/TuxedoDapp.md,2026-08-08T17:54:42.475921+00:00,2cd9de49ac1d1ed4835ec54bf9b6e737083743cb3b8b99be7cc306eb8116e250,14435
data/raw/applications/tuxedo-parachain.md,https://raw.githubusercontent.com/w3f/Grants-Program/master/applications/tux0.md,2026-08-08T17:54:42.475921+00:00,eb6970b6d1f73eb834fd3f4fb4445163bd604f148c83148b980b45a9e3dc740d,17886
data/raw/applications/typechain-polkadot.md,https://raw.githubusercontent.com/w3f/Grants-Program/master/applications/typechain-polkadot.md,2026-08-08T17:54:42.475921+00:00,69ce46d8fcc295228706f443a34551f93cc9960451ccf499546ec5e8c118f53e,11787
data/raw/applications/typechain-polkadot-follow-up.md,https://raw.githubusercontent.com/w3f/Grants-Program/master/applications/typechain-polkadot-follow-up-2.md,2026-08-08T17:54:42.475921+00:00,bac8eb0e7e3abb17e601a5712753fa2c818525c0a90ba6d3c48343976ea6ec81,10560
data/raw/applications/typechain_revived.md,https://raw.githubusercontent.com/w3f/Grants-Program/master/applications/typechain_revived.md,2026-08-08T17:54:42.475921+00:00,15611340d9daf84276a7e284e6b41d7dc1e0e029706d348fb751ce78ba4d9c99,11078
data/raw/applications/typink.md,https://raw.githubusercontent.com/w3f/Grants-Program/master/applications/typink.md,2026-08-08T17:54:42.475921+00:00,bc12464fc062f035ed145c9f678da96157f5c614dd8bbe89804da7749be2d1ad,11780
data/raw/applications/uke_protocol.md,https://raw.githubusercontent.com/w3f/Grants-Program/master/applications/Diffy_chat.md,2026-08-08T17:54:42.475921+00:00,7bab1174dcf4b93ce2fc343e5a7201e9475d4e279b3c0267582f6b92674f001f,10058
data/raw/deliveries/uke_protocol-milestone_1.md,https://raw.githubusercontent.com/w3f/Grant-Milestone-Delivery/master/deliveries/uke_protocol-milestone_1.md,2026-08-08T17:54:42.475921+00:00,3bdeafb9f6115ea73a693caa465b473b12a4ce6181b497d9b285b324fdc83ee0,2818
data/raw/deliveries/uke_protocol-milestone_2.md,https://raw.githubusercontent.com/w3f/Grant-Milestone-Delivery/master/deliveries/uke_protocol-milestone_2.md,2026-08-08T17:54:42.475921+00:00,7fe8da6bae150303b792d24ba861f857d8f5076558b44362de533e8fed0d9bd3,3697
data/raw/applications/unified_collator_node_deployment.md,https://raw.githubusercontent.com/w3f/Grants-Program/master/applications/unified_collator_node_deployment.md,2026-08-08T17:54:42.475921+00:00,ce9f0963d5e91dfb1c43079ac0b6df6289c67c1234e232f3d7e7fee1af40d0b3,6478
data/raw/applications/universaldot-me.md,https://raw.githubusercontent.com/w3f/Grants-Program/master/applications/universaldot-me.md,2026-08-08T17:54:42.475921+00:00,503d133f5884a03f894540ef6922d5c2ca426bf1453bf12b64e87611b81a3855,11513
data/raw/applications/validated_streams.md,https://raw.githubusercontent.com/w3f/Grants-Program/master/applications/validated-streams.md,2026-08-08T17:54:42.475921+00:00,92a67c6104cd12c14aca9fb320bbc1901b4dc010650d0648716ade2682fe2a61,18027
data/raw/deliveries/validated_streams-milestone_1.md,https://raw.githubusercontent.com/w3f/Grant-Milestone-Delivery/master/deliveries/validated_streams-milestone_1.md,2026-08-08T17:54:42.475921+00:00,2c5cd4b81245e7492b3271b62c4aa5739ac3b78f64dad65144bc067acd5cb2b0,5568
data/raw/deliveries/validated_streams-milestone_2.md,https://raw.githubusercontent.com/w3f/Grant-Milestone-Delivery/master/deliveries/validated_streams-milestone_2.md,2026-08-08T17:54:42.475921+00:00,7a4b6608b214572a603c61ccaf8411633b5ef6f663933939a6a199d4cb3083e7,5699
data/raw/applications/Validator_Monitoring_Service.md,https://raw.githubusercontent.com/w3f/Grants-Program/master/applications/Validator_Monitoring_Service.md,2026-08-08T17:54:42.475921+00:00,2583864863fdf5950ba1a5ff1c9e8356cad448b8c3cd8fa323355b14519f952f,18716
data/raw/deliveries/Validator_Monitoring_Service-milestone_1.md,https://raw.githubusercontent.com/w3f/Grant-Milestone-Delivery/master/deliveries/Validator_Monitoring_Service-milestone_1.md,2026-08-08T17:54:42.475921+00:00,7b2807dbadae012c4264e2fdbfeb36e4983fd39632274fea88fa5ec5443b15cb,5657
data/raw/deliveries/Validator_Monitoring_Service-milestone_2.md,https://raw.githubusercontent.com/w3f/Grant-Milestone-Delivery/master/deliveries/Validator_Monitoring_Service-milestone_2.md,2026-08-08T17:54:42.475921+00:00,800056af39616b297e5bd6fbfbe7c86fa39fa2f132258a133e14ddb297d25ef1,4436
data/raw/applications/validators_selection.md,https://raw.githubusercontent.com/w3f/Grants-Program/master/applications/validators_selection.md,2026-08-08T17:54:42.475921+00:00,6b07645c41985ec305bb41ce27ecdf92869b2aa71507ec5c82b53793c684b5f1,6486
data/raw/applications/validators_selection1.md,https://raw.githubusercontent.com/w3f/Grants-Program/master/applications/validators_selection.md,2026-08-08T17:54:42.475921+00:00,6b07645c41985ec305bb41ce27ecdf92869b2aa71507ec5c82b53793c684b5f1,6486
data/raw/applications/ventur.md,https://raw.githubusercontent.com/w3f/Grants-Program/master/applications/ventur.md,2026-08-08T17:54:42.475921+00:00,6526b223c4e26f7c15ef925b08663a812723a9c63846fcd1e8d089cd2815e6f6,21103
data/raw/applications/vera_defi_phase.md,https://raw.githubusercontent.com/w3f/Grants-Program/master/applications/vera_defi.md,2026-08-08T17:54:42.475921+00:00,2090e355d873d68f9c09da90bb7d234048969f7543db6bcbf9ed7a1c38e816a3,9515
data/raw/deliveries/wasmedge_substrate-milestone_1.md,https://raw.githubusercontent.com/w3f/Grant-Milestone-Delivery/master/deliveries/wasmedge_substrate-milestone_1.md,2026-08-08T17:54:42.475921+00:00,0b0ba1f7acfa1320c3614a91d3a91e909978b77dc10c3fb9be86ed31465e0902,1930
data/raw/deliveries/wasmedge_substrate-milestone_2.md,https://raw.githubusercontent.com/w3f/Grant-Milestone-Delivery/master/deliveries/wasmedge_substrate-milestone_2.md,2026-08-08T17:54:42.475921+00:00,f31f0fede104d9167beccd97f6b015abf4875eeab2317d63f0286b1972daf7fc,2130
data/raw/applications/wasm-opt-for-rust.md,https://raw.githubusercontent.com/w3f/Grants-Program/master/applications/wasm-opt-for-rust.md,2026-08-08T17:54:42.475921+00:00,fda5d210cb082436f497bc738372246bf2d242c6c3529d75edb403d1cb5cc352,11086
data/raw/applications/wasm_runtimes_fuzzing.md,https://raw.githubusercontent.com/w3f/Grants-Program/master/applications/wasm_runtimes_fuzzing.md,2026-08-08T17:54:42.475921+00:00,ef97328e7447c3e2503d9d5580e7412a3b11428d007bca932a9199fa9c061733,5469
data/raw/applications/Web3Box.md,https://raw.githubusercontent.com/w3f/Grants-Program/master/applications/Web3Box.md,2026-08-08T17:54:42.475921+00:00,a2f5f2090b8cf0c2d13f273390f60bf5ec7c5c8facf134610a6c87540b5c711c,4907
data/raw/applications/web3-compatible-api.md,https://raw.githubusercontent.com/w3f/Grants-Program/master/applications/parachain-staking.md,2026-08-08T17:54:42.475921+00:00,c1a242fcedf2a766adbc855324641d3e287eb98b5469204889bfa530a11fa391,7760
data/raw/applications/Web3Go.md,https://raw.githubusercontent.com/w3f/Grants-Program/master/applications/Web3Go.md,2026-08-08T17:54:42.475921+00:00,001de323eb0eeaea6de9125ae3c37983d1d33b84d9bffdd99f9fc4bbc6b4476d,19020
data/raw/applications/Webb_Mixer.md,https://raw.githubusercontent.com/w3f/Grants-Program/master/applications/MIXERv2.md,2026-08-08T17:54:42.475921+00:00,75c85986f41ad6df46d910ad2bc2e27a2ed1ed2a43fc1023d0ebb513fa3ef91e,8737
data/raw/applications/Webb_Mixer_Extended.md,https://raw.githubusercontent.com/w3f/Grants-Program/master/applications/MIXERv2.md,2026-08-08T17:54:42.475921+00:00,75c85986f41ad6df46d910ad2bc2e27a2ed1ed2a43fc1023d0ebb513fa3ef91e,8737
data/raw/applications/WeTEE.md,https://raw.githubusercontent.com/w3f/Grants-Program/master/applications/WeTEE_Network.md,2026-08-08T17:54:42.475921+00:00,1a3c4b2a8953141e58487cdbb1316139170c0ade12f1724ce3f5207ca9200173,30638
data/raw/applications/whiteflag-on-fennel-protocol.md,https://raw.githubusercontent.com/w3f/Grants-Program/master/applications/Fennel_Protocol.md,2026-08-08T17:54:42.475921+00:00,16c618a14b9ba623907614e4a03250d8b563dd1d150596931a2865c40b795c06,21120
data/raw/applications/wika_network.md,https://raw.githubusercontent.com/w3f/Grants-Program/master/applications/wika_network.md,2026-08-08T17:54:42.475921+00:00,ef796366a067ff2eb697b89dada87353b0482917dd7c11fce98a62d5571145ad,20023
data/raw/deliveries/wika_network-milestone_1.md,https://raw.githubusercontent.com/w3f/Grant-Milestone-Delivery/master/deliveries/wika_network-milestone_1.md,2026-08-08T17:54:42.475921+00:00,63e12873df1b43126a608f797b17157a2d57507fdee11da9cfa1dcb4f03972ed,2826
data/raw/deliveries/wika_network-milestone_2.md,https://raw.githubusercontent.com/w3f/Grant-Milestone-Delivery/master/deliveries/wika_network-milestone_2.md,2026-08-08T17:54:42.475921+00:00,153ad89e43e6ead345c0f3fac5a5999293dcf80b15eb93c7a0cce38acad7b476,3194
data/raw/applications/Xcavate.md,https://raw.githubusercontent.com/w3f/Grants-Program/master/applications/Xcavate.md,2026-08-08T17:54:42.475921+00:00,f45ff72476e932fc81ab1fdcf8a34ede4ffb74dc30f2dd80e0926a28a108a890,13885
data/raw/deliveries/Xcavate-milestone_1.md,https://raw.githubusercontent.com/w3f/Grant-Milestone-Delivery/master/deliveries/Xcavate-milestone_1.md,2026-08-08T17:54:42.475921+00:00,7ef5d5f2c459fea97024642f9b32daf1ec589dd35453b99966747c794770a334,4350
data/raw/applications/xcm-domain-service.md,https://raw.githubusercontent.com/w3f/Grants-Program/master/applications/xcm-domain-service.md,2026-08-08T17:54:42.475921+00:00,86e96e87672b58e97b1d79e25e82c22d9cb7d435474e28711089cefbcef108b6,16478
data/raw/applications/xcm-sdk.md,https://raw.githubusercontent.com/w3f/Grants-Program/master/applications/cross-chain-wallet.md,2026-08-08T17:54:42.475921+00:00,6b04d9e68aa3099da4afeaee51b0024e45247645c06144d790532e687c896821,14711
data/raw/applications/xcmsend.md,https://raw.githubusercontent.com/w3f/Grants-Program/master/applications/xcmsend.md,2026-08-08T17:54:42.475921+00:00,d3ad90c565ad18e39a1a6d606363712482b4b8ce27c6918e0a0f621552cee339,16309
data/raw/applications/xcm-tools.md,https://raw.githubusercontent.com/w3f/Grants-Program/master/applications/JsonRpsee-socks5-proxy.md,2026-08-08T17:54:42.475921+00:00,510eda7726f143d41f8199287700131e69cd2f0a061c5c9d1811462b7721129a,4064
data/raw/applications/xcm-tools-follow-up.md,https://raw.githubusercontent.com/w3f/Grants-Program/master/applications/JsonRpsee-socks5-proxy.md,2026-08-08T17:54:42.475921+00:00,510eda7726f143d41f8199287700131e69cd2f0a061c5c9d1811462b7721129a,4064
data/raw/applications/xcnft.md,https://raw.githubusercontent.com/w3f/Grants-Program/master/applications/xcNFT.md,2026-08-08T17:54:42.475921+00:00,a7421152c9c8e0a1059bf37290b9bc805ca4a6e969fec10b48aa2a0e3cb08f27,20970
data/raw/applications/xNFT.md,https://raw.githubusercontent.com/w3f/Grants-Program/master/applications/xcNFT.md,2026-08-08T17:54:42.475921+00:00,a7421152c9c8e0a1059bf37290b9bc805ca4a6e969fec10b48aa2a0e3cb08f27,20970
data/raw/applications/yatima.md,https://raw.githubusercontent.com/w3f/Grants-Program/master/applications/yatima.md,2026-08-08T17:54:42.475921+00:00,9b3842b3ca758162e3ae400107479ef48fecc8fa8dfe385ce57dd03ccf05e715,24202
data/raw/deliveries/yatima-milestone_1.md,https://raw.githubusercontent.com/w3f/Grant-Milestone-Delivery/master/deliveries/yatima-milestone_1.md,2026-08-08T17:54:42.475921+00:00,e5d96e9c37fab96d9843a7f39dd52a01ecd109956ebe910894a4616f6bc37fef,5190
data/raw/deliveries/yatima-milestone_2.md,https://raw.githubusercontent.com/w3f/Grant-Milestone-Delivery/master/deliveries/yatima-milestone_2.md,2026-08-08T17:54:42.475921+00:00,efaa40e446ffe372ef005e192b09bcadf6158a3be6e91c5b278985a7d5e77df9,3692
data/raw/deliveries/yatima-milestone_3.md,https://raw.githubusercontent.com/w3f/Grant-Milestone-Delivery/master/deliveries/yatima-milestone_3.md,2026-08-08T17:54:42.475921+00:00,0e5b6931bbebd0bf5785f9954199b72bec09c4f2747443df8cac8a4183764805,4244
data/raw/applications/yibanchen.md,https://raw.githubusercontent.com/w3f/Grants-Program/master/applications/yiban_chen1.md,2026-08-08T17:54:42.475921+00:00,9682c7e66a0160f2a21debbbe5bd9e2afdf5a04ad00950a310e03eb431d4dfc7,24359
data/raw/applications/yieldscan_phase.md,https://raw.githubusercontent.com/w3f/Grants-Program/master/applications/yieldscan_phase_2.md,2026-08-08T17:54:42.475921+00:00,24ac408078235ae5f275652000c4fda8e2da5c9615e993d048491c444dc80ec9,11478
data/raw/applications/zeeve_larch.md,https://raw.githubusercontent.com/w3f/Grants-Program/master/applications/ink-playground-ide-improvements.md,2026-08-08T17:54:42.475921+00:00,31635a411786adf1cdd0474cfcb9ed9fc48be626b1a6a59f59bad1131a8c5352,8572
data/raw/applications/zenlink.md,https://raw.githubusercontent.com/w3f/Grants-Program/master/applications/zenlink-cross-chain-dex.md,2026-08-08T17:54:42.475921+00:00,93b501e2db085caa68b4b933269f004b82b766fda05c5d0aa985c257d8217de5,8448
data/raw/applications/zenlink_dex_smart_contract.md,https://raw.githubusercontent.com/w3f/Grants-Program/master/applications/zenlink-cross-chain-dex.md,2026-08-08T17:54:42.475921+00:00,93b501e2db085caa68b4b933269f004b82b766fda05c5d0aa985c257d8217de5,8448
data/raw/applications/ZeroDAO_Network-millestone.md,https://raw.githubusercontent.com/w3f/Grants-Program/master/applications/ZeroDAO_Network.md,2026-08-08T17:54:42.475921+00:00,639d4a59738dfe7726e25f0df94a2e915dac06bae9156921b658e01e008daa02,23855
data/raw/applications/zeropool-2-snjax.md,https://raw.githubusercontent.com/w3f/Grants-Program/master/applications/ZeroPool.md,2026-08-08T17:54:42.475921+00:00,ebb1274e3616b8d940b12d7f0ef25741bb098c608c8e54d46c6b356dc0fd6464,8132
data/raw/applications/zk-plonk.md,https://raw.githubusercontent.com/w3f/Grants-Program/master/applications/zero-network.md,2026-08-08T17:54:42.475921+00:00,f4d24d3825d1d345dbc5c77f750dac7da163862e68f6ddd7a0d023dbc00ee279,16199
data/raw/applications/zk-rollups.md,https://raw.githubusercontent.com/w3f/Grants-Program/master/applications/zk-rollups.md,2026-08-08T17:54:42.475921+00:00,51b1c007bea96fcfbd92babf17b3da347e03c532f5dcd67a5da7a82b917a08e5,6943
data/raw/applications/Zkverse.md,https://raw.githubusercontent.com/w3f/Grants-Program/master/applications/zkverse.md,2026-08-08T17:54:42.475921+00:00,578c4c50a386fd523df46e2c36d11365989404982dccfaeb5ca4930336e08371,10553
data/raw/applications/zkwasm-rollups-transfer.md,https://raw.githubusercontent.com/w3f/Grants-Program/master/applications/zkwasm-rollups-transfer.md,2026-08-08T17:54:42.475921+00:00,0e886f8179e92ad6df528d89ff48949fe6c1ee5ea3e3e86e1496e06f25d5c9fe,12726
